filename,width,height,class,xmin,ymin,xmax,ymax
alcorcon_sur_40.3311946_-3.8314931.jpg,640,640,rotonda,263,413,394,535
alcorcon_sur_40.3311946_-3.8350031.jpg,640,640,rotonda,290,361,404,475
alcorcon_sur_40.3311946_-3.8385131.jpg,640,640,rotonda,515,385,591,462
alcorcon_sur_40.3311946_-3.8420231.jpg,640,640,piscina,132,108,157,141
alcorcon_sur_40.3311946_-3.8420231.jpg,640,640,rotonda,261,376,377,488
alcorcon_sur_40.3311946_-3.8420231.jpg,640,640,parking,201,473,286,635
alcorcon_sur_40.3311946_-3.8455331.jpg,640,640,rotonda,489,381,598,488
alcorcon_sur_40.3338646_-3.8314931.jpg,640,640,piscina,416,125,437,156
alcorcon_sur_40.3338646_-3.8314931.jpg,640,640,piscina,390,306,418,323
alcorcon_sur_40.3338646_-3.8314931.jpg,640,640,rotonda,288,312,373,454
alcorcon_sur_40.3338646_-3.8385131.jpg,640,640,piscina,382,67,417,98
alcorcon_sur_40.3338646_-3.8420231.jpg,640,640,piscina,474,271,501,292
alcorcon_sur_40.3338646_-3.8420231.jpg,640,640,piscina,257,469,281,504
alcorcon_sur_40.3338646_-3.8420231.jpg,640,640,piscina,262,593,282,620
alcorcon_sur_40.3338646_-3.8420231.jpg,640,640,rotonda,280,328,363,459
alcorcon_sur_40.3338646_-3.8420231.jpg,640,640,piscina,412,265,434,280
alcorcon_sur_40.3365346_-3.8314931.jpg,640,640,rotonda,319,86,421,183
alcorcon_sur_40.3365346_-3.8314931.jpg,640,640,piscina,440,398,477,428
alcorcon_sur_40.3365346_-3.8314931.jpg,640,640,piscina,380,606,407,640
alcorcon_sur_40.3365346_-3.8350031.jpg,640,640,piscina,251,137,315,196
alcorcon_sur_40.3365346_-3.8350031.jpg,640,640,piscina,355,1,386,51
alcorcon_sur_40.3365346_-3.8385131.jpg,640,640,piscina,497,363,548,410
alcorcon_sur_40.3365346_-3.8385131.jpg,640,640,piscina,390,594,417,631
alcorcon_sur_40.3365346_-3.8385131.jpg,640,640,piscina,145,469,169,486
alcorcon_sur_40.3365346_-3.8385131.jpg,640,640,piscina,194,492,213,512
alcorcon_sur_40.3365346_-3.8385131.jpg,640,640,piscina,225,492,241,504
alcorcon_sur_40.3365346_-3.8385131.jpg,640,640,piscina,288,536,306,549
alcorcon_sur_40.3365346_-3.8385131.jpg,640,640,piscina,294,528,311,539
alcorcon_sur_40.3365346_-3.8385131.jpg,640,640,piscina,79,442,94,457
alcorcon_sur_40.3365346_-3.8385131.jpg,640,640,piscina,201,365,217,375
alcorcon_sur_40.3365346_-3.8385131.jpg,640,640,piscina,193,375,211,387
alcorcon_sur_40.3365346_-3.8385131.jpg,640,640,piscina,258,400,276,416
alcorcon_sur_40.3365346_-3.8385131.jpg,640,640,piscina,456,100,476,123
alcorcon_sur_40.3365346_-3.8385131.jpg,640,640,piscina,495,59,516,85
alcorcon_sur_40.3392046_-3.8350031.jpg,640,640,piscina,163,212,209,263
alcorcon_sur_40.3392046_-3.8350031.jpg,640,640,piscina,36,97,91,133
alcorcon_sur_40.3392046_-3.8350031.jpg,640,640,piscina,21,402,69,440
alcorcon_sur_40.3392046_-3.8350031.jpg,640,640,piscina,177,531,242,579
alcorcon_sur_40.3392046_-3.8350031.jpg,640,640,piscina,595,336,636,380
alcorcon_sur_40.3392046_-3.8385131.jpg,640,640,rotonda,486,94,599,206
alcorcon_sur_40.3392046_-3.8385131.jpg,640,640,piscina,418,410,460,451
alcorcon_sur_40.3392046_-3.8385131.jpg,640,640,parking,268,312,354,388
alcorcon_sur_40.3392046_-3.8420231.jpg,640,640,parking,1,377,92,523
alcorcon_sur_40.3392046_-3.8420231.jpg,640,640,parking,106,349,174,435
alcorcon_sur_40.3392046_-3.8420231.jpg,640,640,parking,47,331,99,377
alcorcon_sur_40.3392046_-3.8420231.jpg,640,640,parking,165,283,265,354
alcorcon_sur_40.3392046_-3.8420231.jpg,640,640,parking,49,213,137,270
alcorcon_sur_40.3392046_-3.8420231.jpg,640,640,parking,1,128,58,188
alcorcon_sur_40.3392046_-3.8455331.jpg,640,640,piscina,181,29,240,87
alcorcon_sur_40.3392046_-3.8455331.jpg,640,640,parking,496,248,601,296
alcorcon_sur_40.3392046_-3.8455331.jpg,640,640,parking,582,179,640,244
alcorcon_sur_40.3392046_-3.8455331.jpg,640,640,rotonda,153,198,213,252
alcorcon_sur_40.3418746_-3.8314931.jpg,640,640,piscina,307,523,363,575
alcorcon_sur_40.3418746_-3.8314931.jpg,640,640,rotonda,497,475,560,550
alcorcon_sur_40.3418746_-3.8314931.jpg,640,640,rotonda,343,377,376,414
alcorcon_sur_40.3418746_-3.8314931.jpg,640,640,parking,95,58,149,135
alcorcon_sur_40.3418746_-3.8314931.jpg,640,640,parking,148,340,215,410
alcorcon_sur_40.3418746_-3.8350031.jpg,640,640,piscina,11,538,92,604
alcorcon_sur_40.3418746_-3.8455331.jpg,640,640,piscina,149,119,200,166
alcorcon_sur_40.3418746_-3.8455331.jpg,640,640,piscina,327,16,363,51
alcorcon_sur_40.3418746_-3.8455331.jpg,640,640,piscina,31,42,69,86
alcorcon_sur_40.3418746_-3.8455331.jpg,640,640,rotonda,72,221,174,319
alcorcon_sur_40.3418746_-3.8455331.jpg,640,640,piscina,396,321,452,377
alcorcon_sur_40.3418746_-3.8455331.jpg,640,640,piscina,281,277,334,333
alcorcon_sur_40.3418746_-3.8455331.jpg,640,640,parking,445,571,574,627
alcorcon_sur_40.3418746_-3.8455331.jpg,640,640,parking,556,449,640,523
alcorcon_sur_40.3418746_-3.8455331.jpg,640,640,parking,516,533,621,568
fuenlabrada_noroeste_40.2946934_-3.8367464.jpg,640,640,rotonda,117,382,155,425
fuenlabrada_noroeste_40.2973634_-3.8367464.jpg,640,640,rotonda,99,575,161,637
fuenlabrada_noroeste_40.2973634_-3.8367464.jpg,640,640,rotonda,540,548,608,610
fuenlabrada_noroeste_40.2973634_-3.8367464.jpg,640,640,parking,235,411,305,465
fuenlabrada_noroeste_40.2973634_-3.8367464.jpg,640,640,piscina,494,55,527,100
fuenlabrada_noroeste_40.2973634_-3.8367464.jpg,640,640,piscina,497,335,526,379
fuenlabrada_noroeste_40.2973634_-3.8402564.jpg,640,640,piscina,11,221,78,256
fuenlabrada_noroeste_40.2973634_-3.8402564.jpg,640,640,piscina,388,63,414,102
fuenlabrada_noroeste_40.2973634_-3.8402564.jpg,640,640,piscina,388,343,417,390
fuenlabrada_noroeste_40.2973634_-3.8402564.jpg,640,640,rotonda,171,447,238,517
fuenlabrada_noroeste_40.2973634_-3.8402564.jpg,640,640,parking,469,349,553,446
fuenlabrada_noroeste_40.2973634_-3.8402564.jpg,640,640,parking,280,177,338,267
fuenlabrada_noroeste_40.2973634_-3.8437664.jpg,640,640,piscina,461,325,494,348
fuenlabrada_noroeste_40.3000334_-3.8367464.jpg,640,640,piscina,363,249,454,292
fuenlabrada_noroeste_40.3000334_-3.8367464.jpg,640,640,piscina,522,492,535,513
fuenlabrada_noroeste_40.3000334_-3.8402564.jpg,640,640,piscina,35,332,78,393
fuenlabrada_noroeste_40.3000334_-3.8402564.jpg,640,640,piscina,451,252,536,292
fuenlabrada_noroeste_40.3000334_-3.8402564.jpg,640,640,piscina,601,119,619,133
fuenlabrada_noroeste_40.3000334_-3.8402564.jpg,640,640,piscina,607,235,618,246
fuenlabrada_noroeste_40.3000334_-3.8402564.jpg,640,640,rotonda,164,71,222,131
fuenlabrada_noroeste_40.3000334_-3.8402564.jpg,640,640,rotonda,125,586,190,640
fuenlabrada_noroeste_40.3000334_-3.8437664.jpg,640,640,piscina,538,441,584,462
fuenlabrada_noroeste_40.3027034_-3.8367464.jpg,640,640,rotonda,83,76,146,136
fuenlabrada_noroeste_40.3027034_-3.8367464.jpg,640,640,piscina,373,394,414,416
fuenlabrada_noroeste_40.3027034_-3.8367464.jpg,640,640,piscina,249,564,293,588
fuenlabrada_noroeste_40.3027034_-3.8367464.jpg,640,640,piscina,357,596,374,606
fuenlabrada_noroeste_40.3027034_-3.8367464.jpg,640,640,rotonda,596,8,640,101
fuenlabrada_noroeste_40.3027034_-3.8402564.jpg,640,640,rotonda,139,208,202,267
fuenlabrada_noroeste_40.3027034_-3.8402564.jpg,640,640,piscina,447,391,507,432
fuenlabrada_noroeste_40.3027034_-3.8402564.jpg,640,640,piscina,37,481,80,554
fuenlabrada_noroeste_40.3027034_-3.8437664.jpg,640,640,piscina,559,557,610,594
fuenlabrada_noroeste_40.3053734_-3.8367464.jpg,640,640,piscina,371,438,391,494
fuenlabrada_noroeste_40.3053734_-3.8367464.jpg,640,640,piscina,313,542,388,571
fuenlabrada_noroeste_40.3053734_-3.8402564.jpg,640,640,piscina,485,444,510,490
fuenlabrada_noroeste_40.3053734_-3.8402564.jpg,640,640,piscina,528,540,572,565
fuentelareyna_40.477143_-3.7240679.jpg,640,640,piscina,180,125,199,151
fuentelareyna_40.477143_-3.7240679.jpg,640,640,piscina,509,208,524,244
fuentelareyna_40.477143_-3.7240679.jpg,640,640,piscina,226,286,238,306
fuentelareyna_40.477143_-3.7240679.jpg,640,640,piscina,53,344,74,354
fuentelareyna_40.477143_-3.7240679.jpg,640,640,piscina,1,419,22,432
fuentelareyna_40.477143_-3.7240679.jpg,640,640,piscina,150,401,166,418
fuentelareyna_40.477143_-3.7240679.jpg,640,640,piscina,24,448,46,463
fuentelareyna_40.477143_-3.7240679.jpg,640,640,piscina,86,477,109,499
fuentelareyna_40.477143_-3.7240679.jpg,640,640,piscina,373,405,392,418
fuentelareyna_40.477143_-3.7240679.jpg,640,640,piscina,303,588,317,604
fuentelareyna_40.477143_-3.7240679.jpg,640,640,piscina,465,533,478,544
fuentelareyna_40.477143_-3.7240679.jpg,640,640,piscina,472,565,482,581
fuentelareyna_40.477143_-3.7240679.jpg,640,640,piscina,549,605,577,622
fuentelareyna_40.477143_-3.7240679.jpg,640,640,piscina,91,238,108,254
fuentelareyna_40.477143_-3.7240679.jpg,640,640,piscina,246,135,272,155
fuentelareyna_40.477143_-3.7240679.jpg,640,640,piscina,438,167,450,184
fuentelareyna_40.477143_-3.7240679.jpg,640,640,piscina,61,460,90,479
fuentelareyna_40.477143_-3.7240679.jpg,640,640,piscina,18,464,32,482
fuentelareyna_40.477143_-3.7240679.jpg,640,640,piscina,86,566,109,583
fuentelareyna_40.477143_-3.7240679.jpg,640,640,piscina,65,620,84,631
fuentelareyna_40.477143_-3.7275779.jpg,640,640,piscina,303,604,317,629
fuentelareyna_40.477143_-3.7275779.jpg,640,640,piscina,261,440,282,460
fuentelareyna_40.477143_-3.7275779.jpg,640,640,piscina,296,496,313,505
fuentelareyna_40.477143_-3.7275779.jpg,640,640,piscina,296,508,318,519
fuentelareyna_40.477143_-3.7275779.jpg,640,640,piscina,178,527,194,543
fuentelareyna_40.477143_-3.7275779.jpg,640,640,piscina,403,444,417,460
fuentelareyna_40.477143_-3.7275779.jpg,640,640,piscina,441,271,459,289
fuentelareyna_40.477143_-3.7275779.jpg,640,640,piscina,467,265,480,295
fuentelareyna_40.477143_-3.7275779.jpg,640,640,piscina,620,243,640,258
fuentelareyna_40.477143_-3.7275779.jpg,640,640,piscina,623,263,640,275
fuentelareyna_40.477143_-3.7275779.jpg,640,640,piscina,616,283,638,290
fuentelareyna_40.477143_-3.7275779.jpg,640,640,piscina,467,217,491,241
fuentelareyna_40.477143_-3.7275779.jpg,640,640,piscina,588,75,612,94
fuentelareyna_40.477143_-3.7275779.jpg,640,640,piscina,155,383,178,402
fuentelareyna_40.477143_-3.7310879.jpg,640,640,piscina,236,240,262,260
fuentelareyna_40.477143_-3.7310879.jpg,640,640,piscina,274,92,286,108
fuentelareyna_40.477143_-3.7310879.jpg,640,640,piscina,449,96,471,113
fuentelareyna_40.477143_-3.7310879.jpg,640,640,piscina,449,77,463,92
fuentelareyna_40.477143_-3.7310879.jpg,640,640,piscina,493,156,510,177
fuentelareyna_40.477143_-3.7310879.jpg,640,640,piscina,482,262,499,279
fuentelareyna_40.477143_-3.7310879.jpg,640,640,piscina,584,338,605,385
fuentelareyna_40.477143_-3.7310879.jpg,640,640,piscina,336,481,371,501
fuentelareyna_40.477143_-3.7310879.jpg,640,640,piscina,394,480,409,502
fuentelareyna_40.477143_-3.7310879.jpg,640,640,piscina,221,454,233,474
fuentelareyna_40.477143_-3.7310879.jpg,640,640,piscina,203,527,219,552
fuentelareyna_40.477143_-3.7310879.jpg,640,640,piscina,216,600,234,616
fuentelareyna_40.477143_-3.7310879.jpg,640,640,piscina,150,533,179,551
fuentelareyna_40.477143_-3.7345979.jpg,640,640,piscina,296,258,315,286
fuentelareyna_40.477143_-3.7345979.jpg,640,640,piscina,319,210,338,271
fuentelareyna_40.477143_-3.7345979.jpg,640,640,piscina,449,158,461,175
fuentelareyna_40.477143_-3.7345979.jpg,640,640,piscina,471,143,484,154
fuentelareyna_40.477143_-3.7345979.jpg,640,640,piscina,483,152,503,173
fuentelareyna_40.477143_-3.7345979.jpg,640,640,piscina,613,259,626,285
fuentelareyna_40.477143_-3.7345979.jpg,640,640,piscina,472,120,487,136
fuentelareyna_40.477143_-3.7345979.jpg,640,640,piscina,315,185,336,198
fuentelareyna_40.477143_-3.7345979.jpg,640,640,piscina,140,93,155,113
fuentelareyna_40.477143_-3.7345979.jpg,640,640,piscina,59,404,92,429
fuentelareyna_40.477143_-3.7345979.jpg,640,640,piscina,586,552,635,574
fuentelareyna_40.477143_-3.7345979.jpg,640,640,piscina,517,525,568,553
fuentelareyna_40.477143_-3.7345979.jpg,640,640,piscina,455,566,467,585
fuentelareyna_40.477143_-3.7345979.jpg,640,640,piscina,299,461,315,477
fuentelareyna_40.477143_-3.7345979.jpg,640,640,piscina,292,481,307,500
fuentelareyna_40.477143_-3.7345979.jpg,640,640,piscina,1,571,16,596
fuentelareyna_40.477143_-3.7345979.jpg,640,640,piscina,1,535,19,553
fuentelareyna_40.477143_-3.7345979.jpg,640,640,piscina,356,348,378,366
fuentelareyna_40.477143_-3.7345979.jpg,640,640,piscina,392,366,406,381
fuentelareyna_40.477143_-3.7345979.jpg,640,640,piscina,452,379,473,389
fuentelareyna_40.477143_-3.7345979.jpg,640,640,piscina,249,126,267,132
fuentelareyna_40.477143_-3.7345979.jpg,640,640,piscina,348,119,358,135
fuentelareyna_40.477143_-3.7345979.jpg,640,640,piscina,317,152,326,166
fuentelareyna_40.477143_-3.7345979.jpg,640,640,piscina,159,188,170,203
fuentelareyna_40.477143_-3.7345979.jpg,640,640,piscina,72,117,84,133
fuentelareyna_40.477143_-3.7345979.jpg,640,640,piscina,69,98,81,108
fuentelareyna_40.477143_-3.7345979.jpg,640,640,piscina,592,68,616,85
fuentelareyna_40.477143_-3.7345979.jpg,640,640,piscina,613,184,624,198
fuentelareyna_40.477143_-3.7345979.jpg,640,640,piscina,509,267,528,277
fuentelareyna_40.477143_-3.7345979.jpg,640,640,piscina,457,185,480,202
fuentelareyna_40.477143_-3.7345979.jpg,640,640,piscina,98,396,119,410
fuentelareyna_40.477143_-3.7345979.jpg,640,640,piscina,125,400,143,419
fuentelareyna_40.477143_-3.7345979.jpg,640,640,piscina,146,410,166,425
fuentelareyna_40.477143_-3.7381079.jpg,640,640,piscina,155,52,221,111
fuentelareyna_40.477143_-3.7381079.jpg,640,640,piscina,319,1,371,30
fuentelareyna_40.477143_-3.7381079.jpg,640,640,piscina,571,154,595,194
fuentelareyna_40.477143_-3.7381079.jpg,640,640,piscina,574,204,605,234
fuentelareyna_40.477143_-3.7381079.jpg,640,640,piscina,475,333,501,353
fuentelareyna_40.477143_-3.7381079.jpg,640,640,piscina,301,380,324,388
fuentelareyna_40.477143_-3.7381079.jpg,640,640,piscina,305,400,326,411
fuentelareyna_40.477143_-3.7381079.jpg,640,640,piscina,313,429,333,445
fuentelareyna_40.477143_-3.7381079.jpg,640,640,piscina,321,445,339,460
fuentelareyna_40.477143_-3.7381079.jpg,640,640,piscina,328,459,346,477
fuentelareyna_40.477143_-3.7381079.jpg,640,640,piscina,345,461,365,485
fuentelareyna_40.477143_-3.7381079.jpg,640,640,piscina,502,341,524,365
fuentelareyna_40.477143_-3.7381079.jpg,640,640,piscina,564,361,581,390
fuentelareyna_40.477143_-3.7381079.jpg,640,640,piscina,482,501,492,523
fuentelareyna_40.477143_-3.7381079.jpg,640,640,piscina,499,506,507,529
fuentelareyna_40.477143_-3.7381079.jpg,640,640,piscina,469,522,509,546
fuentelareyna_40.477143_-3.7381079.jpg,640,640,piscina,67,537,109,581
fuentelareyna_40.477143_-3.7381079.jpg,640,640,piscina,355,513,365,529
fuentelareyna_40.477143_-3.7381079.jpg,640,640,piscina,587,367,596,390
fuentelareyna_40.477143_-3.7381079.jpg,640,640,piscina,573,573,589,593
fuentelareyna_40.477143_-3.7381079.jpg,640,640,piscina,397,634,409,640
fuentelareyna_40.477143_-3.7381079.jpg,640,640,piscina,621,260,632,279
fuentelareyna_40.477143_-3.7381079.jpg,640,640,piscina,601,606,621,626
fuentelareyna_40.477143_-3.7381079.jpg,640,640,piscina,563,608,576,617
fuentelareyna_40.479813_-3.7240679.jpg,640,640,piscina,157,194,199,228
fuentelareyna_40.479813_-3.7240679.jpg,640,640,piscina,28,280,38,292
fuentelareyna_40.479813_-3.7240679.jpg,640,640,piscina,30,302,52,311
fuentelareyna_40.479813_-3.7240679.jpg,640,640,piscina,32,315,50,329
fuentelareyna_40.479813_-3.7240679.jpg,640,640,piscina,41,333,63,344
fuentelareyna_40.479813_-3.7240679.jpg,640,640,piscina,61,383,82,417
fuentelareyna_40.479813_-3.7240679.jpg,640,640,piscina,45,350,76,376
fuentelareyna_40.479813_-3.7240679.jpg,640,640,piscina,376,15,394,54
fuentelareyna_40.479813_-3.7240679.jpg,640,640,piscina,465,602,484,619
fuentelareyna_40.479813_-3.7240679.jpg,640,640,piscina,351,513,375,524
fuentelareyna_40.479813_-3.7240679.jpg,640,640,piscina,1,129,7,156
fuentelareyna_40.479813_-3.7275779.jpg,640,640,piscina,396,379,427,405
fuentelareyna_40.479813_-3.7275779.jpg,640,640,piscina,276,479,319,506
fuentelareyna_40.479813_-3.7275779.jpg,640,640,piscina,115,460,124,481
fuentelareyna_40.479813_-3.7275779.jpg,640,640,piscina,80,604,100,617
fuentelareyna_40.479813_-3.7275779.jpg,640,640,piscina,505,266,520,291
fuentelareyna_40.479813_-3.7275779.jpg,640,640,piscina,486,213,505,225
fuentelareyna_40.479813_-3.7275779.jpg,640,640,piscina,534,225,549,248
fuentelareyna_40.479813_-3.7275779.jpg,640,640,piscina,441,238,457,250
fuentelareyna_40.479813_-3.7275779.jpg,640,640,piscina,519,28,540,39
fuentelareyna_40.479813_-3.7275779.jpg,640,640,piscina,274,98,290,112
fuentelareyna_40.479813_-3.7275779.jpg,640,640,piscina,251,165,263,179
fuentelareyna_40.479813_-3.7275779.jpg,640,640,piscina,249,178,267,194
fuentelareyna_40.479813_-3.7275779.jpg,640,640,piscina,247,200,266,218
fuentelareyna_40.479813_-3.7275779.jpg,640,640,piscina,179,258,189,267
fuentelareyna_40.479813_-3.7275779.jpg,640,640,piscina,113,122,129,135
fuentelareyna_40.479813_-3.7275779.jpg,640,640,piscina,156,83,169,99
fuentelareyna_40.479813_-3.7275779.jpg,640,640,piscina,150,104,165,115
fuentelareyna_40.479813_-3.7275779.jpg,640,640,piscina,111,168,126,177
fuentelareyna_40.479813_-3.7275779.jpg,640,640,piscina,99,181,113,196
fuentelareyna_40.479813_-3.7275779.jpg,640,640,piscina,14,71,35,92
fuentelareyna_40.479813_-3.7275779.jpg,640,640,piscina,169,11,187,26
fuentelareyna_40.479813_-3.7275779.jpg,640,640,piscina,378,13,390,27
fuentelareyna_40.479813_-3.7275779.jpg,640,640,piscina,372,1,388,11
fuentelareyna_40.479813_-3.7275779.jpg,640,640,piscina,348,1,365,16
fuentelareyna_40.479813_-3.7275779.jpg,640,640,piscina,270,175,278,187
fuentelareyna_40.479813_-3.7310879.jpg,640,640,piscina,228,1,269,31
fuentelareyna_40.479813_-3.7310879.jpg,640,640,piscina,383,192,413,225
fuentelareyna_40.479813_-3.7310879.jpg,640,640,piscina,495,47,511,76
fuentelareyna_40.479813_-3.7310879.jpg,640,640,piscina,508,37,519,54
fuentelareyna_40.479813_-3.7310879.jpg,640,640,piscina,428,235,447,254
fuentelareyna_40.479813_-3.7310879.jpg,640,640,piscina,447,250,468,271
fuentelareyna_40.479813_-3.7310879.jpg,640,640,piscina,476,258,496,273
fuentelareyna_40.479813_-3.7310879.jpg,640,640,piscina,566,291,587,327
fuentelareyna_40.479813_-3.7310879.jpg,640,640,piscina,363,345,377,363
fuentelareyna_40.479813_-3.7310879.jpg,640,640,piscina,371,411,387,436
fuentelareyna_40.479813_-3.7310879.jpg,640,640,piscina,492,393,512,418
fuentelareyna_40.479813_-3.7345979.jpg,640,640,piscina,380,135,407,179
fuentelareyna_40.479813_-3.7345979.jpg,640,640,piscina,517,270,571,317
fuentelareyna_40.479813_-3.7345979.jpg,640,640,piscina,386,385,432,419
fuentelareyna_40.479813_-3.7345979.jpg,640,640,piscina,291,390,329,452
fuentelareyna_40.479813_-3.7345979.jpg,640,640,piscina,478,542,493,556
fuentelareyna_40.479813_-3.7345979.jpg,640,640,piscina,507,544,521,558
fuentelareyna_40.479813_-3.7345979.jpg,640,640,piscina,79,558,100,599
fuentelareyna_40.479813_-3.7345979.jpg,640,640,piscina,90,488,100,501
fuentelareyna_40.479813_-3.7345979.jpg,640,640,piscina,90,504,104,521
fuentelareyna_40.479813_-3.7345979.jpg,640,640,piscina,97,521,107,539
fuentelareyna_40.479813_-3.7345979.jpg,640,640,piscina,97,542,112,558
fuentelareyna_40.479813_-3.7345979.jpg,640,640,piscina,182,522,197,535
fuentelareyna_40.479813_-3.7345979.jpg,640,640,piscina,133,449,149,459
fuentelareyna_40.479813_-3.7345979.jpg,640,640,piscina,40,47,66,90
fuentelareyna_40.479813_-3.7345979.jpg,640,640,piscina,240,32,258,63
fuentelareyna_40.479813_-3.7345979.jpg,640,640,piscina,242,6,257,27
fuentelareyna_40.479813_-3.7345979.jpg,640,640,piscina,152,196,172,209
fuentelareyna_40.479813_-3.7345979.jpg,640,640,piscina,237,85,249,105
fuentelareyna_40.479813_-3.7345979.jpg,640,640,piscina,405,103,426,123
fuentelareyna_40.479813_-3.7345979.jpg,640,640,piscina,490,34,511,46
fuentelareyna_40.479813_-3.7345979.jpg,640,640,piscina,434,8,452,23
fuentelareyna_40.479813_-3.7345979.jpg,640,640,piscina,459,4,482,31
fuentelareyna_40.479813_-3.7345979.jpg,640,640,piscina,434,58,454,77
fuentelareyna_40.479813_-3.7345979.jpg,640,640,piscina,417,88,436,105
fuentelareyna_40.479813_-3.7345979.jpg,640,640,piscina,324,627,340,640
fuentelareyna_40.479813_-3.7345979.jpg,640,640,piscina,125,625,176,635
fuentelareyna_40.479813_-3.7381079.jpg,640,640,piscina,59,97,75,121
fuentelareyna_40.479813_-3.7381079.jpg,640,640,piscina,27,77,55,92
fuentelareyna_40.479813_-3.7381079.jpg,640,640,rotonda,338,290,417,367
fuentelareyna_40.479813_-3.7381079.jpg,640,640,piscina,549,67,578,123
fuentelareyna_40.479813_-3.7381079.jpg,640,640,piscina,536,392,587,440
fuentelareyna_40.479813_-3.7381079.jpg,640,640,piscina,470,521,507,585
fuentelareyna_40.479813_-3.7381079.jpg,640,640,piscina,47,195,68,225
leganes_derecha_abajo _40.3072474_-3.7274582.jpg,640,640,piscina,523,439,559,500
leganes_derecha_abajo _40.3072474_-3.7274582.jpg,640,640,piscina,73,486,101,502
leganes_derecha_abajo _40.3072474_-3.7344782.jpg,640,640,rotonda,195,180,317,294
leganes_derecha_abajo _40.3125874_-3.7344782.jpg,640,640,rotonda,595,524,640,578
leganes_derecha_abajo _40.3152574_-3.7274582.jpg,640,640,parking,59,559,230,604
leganes_derecha_abajo _40.3152574_-3.7309682.jpg,640,640,rotonda,203,456,262,520
leganes_derecha_abajo _40.3152574_-3.7309682.jpg,640,640,piscina,379,401,439,431
leganes_derecha_abajo _40.3152574_-3.7344782.jpg,640,640,parking,388,374,479,421
leganes_derecha_abajo _40.3152574_-3.7344782.jpg,640,640,parking,504,398,578,440
leganes_derecha_abajo _40.3179274_-3.7274582.jpg,640,640,piscina,120,591,147,635
leganes_derecha_abajo _40.3179274_-3.7309682.jpg,640,640,rotonda,510,179,634,314
leganes_derecha_abajo _40.3179274_-3.7309682.jpg,640,640,rotonda,240,64,289,108
leganes_derecha_abajo _40.3205974_-3.7274582.jpg,640,640,rotonda,110,165,207,260
leganes_derecha_abajo _40.3205974_-3.7274582.jpg,640,640,rotonda,385,423,511,555
leganes_derecha_abajo _40.3205974_-3.7309682.jpg,640,640,piscina,567,312,624,357
leganes_derecha_abajo _40.3205974_-3.7309682.jpg,640,640,rotonda,310,2,532,158
leganes_derecha_abajo _40.3205974_-3.7344782.jpg,640,640,rotonda,267,257,390,370
leganes_derecha_abajo _40.3205974_-3.7344782.jpg,640,640,piscina,125,343,158,379
leganes_derecha_abajo _40.3205974_-3.7344782.jpg,640,640,piscina,21,504,61,552
leganes_derecha_abajo _40.3205974_-3.7344782.jpg,640,640,piscina,357,1,394,32
leganes_derecha_abajo _40.3205974_-3.7344782.jpg,640,640,piscina,342,33,364,50
leganes_derecha_abajo _40.3232674_-3.7274582.jpg,640,640,parking,344,460,409,534
leganes_derecha_abajo _40.3232674_-3.7274582.jpg,640,640,parking,313,554,377,618
leganes_derecha_abajo _40.3232674_-3.7274582.jpg,640,640,parking,451,168,507,235
leganes_derecha_abajo _40.3232674_-3.7274582.jpg,640,640,parking,403,213,457,275
leganes_derecha_abajo _40.3232674_-3.7274582.jpg,640,640,parking,411,386,515,441
leganes_derecha_abajo _40.3232674_-3.7274582.jpg,640,640,parking,431,469,483,547
leganes_derecha_abajo _40.3232674_-3.7274582.jpg,640,640,parking,396,563,471,632
leganes_derecha_abajo _40.3232674_-3.7309682.jpg,640,640,rotonda,34,267,163,383
leganes_derecha_abajo _40.3232674_-3.7344782.jpg,640,640,rotonda,376,183,464,271
leganes_derecha_abajo _40.3232674_-3.7344782.jpg,640,640,rotonda,140,217,230,283
leganes_derecha_abajo _40.3232674_-3.7344782.jpg,640,640,piscina,188,126,248,158
leganes_derecha_abajo _40.3232674_-3.7344782.jpg,640,640,piscina,1,594,28,617
leganes_derecha_abajo _40.3259374_-3.7309682.jpg,640,640,piscina,345,236,411,283
leganes_derecha_abajo _40.3259374_-3.7309682.jpg,640,640,piscina,290,363,346,417
leganes_derecha_abajo _40.3259374_-3.7309682.jpg,640,640,piscina,147,608,199,639
leganes_derecha_abajo _40.3259374_-3.7344782.jpg,640,640,piscina,405,6,428,19
leganes_derecha_abajo _40.3259374_-3.7344782.jpg,640,640,piscina,589,242,640,272
leganes_derecha_abajo _40.3259374_-3.7344782.jpg,640,640,piscina,572,388,615,429
leganes_derecha_abajo _40.3259374_-3.7344782.jpg,640,640,piscina,576,527,611,554
leganes_derecha_abajo _40.3259374_-3.7344782.jpg,640,640,piscina,94,176,129,194
leganes_derecha_abajo _40.3259374_-3.7344782.jpg,640,640,piscina,366,218,384,240
leganes_derecha_abajo _40.3259374_-3.7344782.jpg,640,640,piscina,330,424,351,452
leganes_derecha_abajo _40.3259374_-3.7344782.jpg,640,640,piscina,189,515,209,554
leganes_derecha_abajo _40.3259374_-3.7344782.jpg,640,640,piscina,376,281,392,310
leganes_derecha_abajo _40.3259374_-3.7344782.jpg,640,640,piscina,351,406,384,420
leganes_derecha_abajo _40.3259374_-3.7344782.jpg,640,640,piscina,349,419,380,433
leganes_derecha_abajo _40.3259374_-3.7344782.jpg,640,640,piscina,349,433,379,446
leganes_derecha_abajo _40.3259374_-3.7344782.jpg,640,640,piscina,347,446,376,463
leganes_derecha_abajo _40.3259374_-3.7344782.jpg,640,640,piscina,344,459,374,473
leganes_derecha_abajo _40.3259374_-3.7344782.jpg,640,640,piscina,342,473,373,486
leganes_derecha_abajo _40.3259374_-3.7344782.jpg,640,640,piscina,341,485,371,500
leganes_derecha_abajo _40.3259374_-3.7344782.jpg,640,640,piscina,342,496,365,513
leganes_derecha_abajo _40.3286074_-3.7274582.jpg,640,640,rotonda,91,441,256,575
leganes_derecha_abajo _40.3286074_-3.7274582.jpg,640,640,piscina,1,486,38,541
leganes_derecha_abajo _40.3286074_-3.7274582.jpg,640,640,parking,4,175,42,270
leganes_derecha_abajo _40.3286074_-3.7309682.jpg,640,640,piscina,274,225,312,285
leganes_derecha_abajo _40.3286074_-3.7309682.jpg,640,640,piscina,205,491,234,545
leganes_derecha_abajo _40.3286074_-3.7309682.jpg,640,640,piscina,397,538,444,594
leganes_derecha_abajo _40.3286074_-3.7309682.jpg,640,640,rotonda,615,267,636,294
leganes_derecha_abajo _40.3286074_-3.7309682.jpg,640,640,rotonda,194,2,338,94
leganes_derecha_abajo _40.3286074_-3.7344782.jpg,640,640,piscina,345,44,421,121
leganes_derecha_abajo _40.3286074_-3.7344782.jpg,640,640,rotonda,544,319,617,400
leganes_derecha_abajo _40.3312774_-3.7274582.jpg,640,640,rotonda,105,235,194,330
leganes_derecha_abajo _40.3312774_-3.7274582.jpg,640,640,rotonda,513,390,640,552
leganes_derecha_abajo _40.3312774_-3.7344782.jpg,640,640,rotonda,584,268,640,389
leganes_derecha_abajo _40.3312774_-3.7344782.jpg,640,640,piscina,534,544,592,572
leganes_derecha_abajo_2_40.2927189_-3.7443094.jpg,640,640,piscina,432,88,499,137
leganes_derecha_abajo_2_40.2927189_-3.7443094.jpg,640,640,piscina,226,98,251,119
leganes_derecha_abajo_2_40.2927189_-3.7548394.jpg,640,640,rotonda,451,131,521,214
leganes_derecha_abajo_2_40.2927189_-3.7583494.jpg,640,640,piscina,388,120,420,170
leganes_derecha_abajo_2_40.2927189_-3.7583494.jpg,640,640,piscina,199,163,243,198
leganes_derecha_abajo_2_40.2927189_-3.7583494.jpg,640,640,piscina,193,326,213,350
leganes_derecha_abajo_2_40.2927189_-3.7583494.jpg,640,640,piscina,265,563,302,584
leganes_derecha_abajo_2_40.2927189_-3.7583494.jpg,640,640,piscina,213,413,230,430
leganes_derecha_abajo_2_40.2927189_-3.7583494.jpg,640,640,piscina,218,404,236,415
leganes_derecha_abajo_2_40.2927189_-3.7583494.jpg,640,640,piscina,7,385,34,401
leganes_derecha_abajo_2_40.2927189_-3.7583494.jpg,640,640,piscina,30,265,49,283
leganes_derecha_abajo_2_40.2927189_-3.7583494.jpg,640,640,piscina,24,117,38,140
leganes_derecha_abajo_2_40.2953889_-3.7443094.jpg,640,640,parking,138,2,223,55
leganes_derecha_abajo_2_40.2953889_-3.7443094.jpg,640,640,parking,158,322,199,377
leganes_derecha_abajo_2_40.2953889_-3.7443094.jpg,640,640,parking,192,371,261,419
leganes_derecha_abajo_2_40.2953889_-3.7513294.jpg,640,640,rotonda,188,208,247,263
leganes_derecha_abajo_2_40.2953889_-3.7513294.jpg,640,640,piscina,461,370,479,386
leganes_derecha_abajo_2_40.2953889_-3.7513294.jpg,640,640,piscina,414,254,442,273
leganes_derecha_abajo_2_40.2953889_-3.7513294.jpg,640,640,piscina,551,261,565,280
leganes_derecha_abajo_2_40.2953889_-3.7548394.jpg,640,640,piscina,219,1,278,42
leganes_derecha_abajo_2_40.2953889_-3.7548394.jpg,640,640,piscina,429,152,449,169
leganes_derecha_abajo_2_40.2980589_-3.7443094.jpg,640,640,rotonda,95,377,226,508
leganes_derecha_abajo_2_40.2980589_-3.7443094.jpg,640,640,parking,582,181,629,238
leganes_derecha_abajo_2_40.2980589_-3.7443094.jpg,640,640,parking,595,242,640,302
leganes_derecha_abajo_2_40.2980589_-3.7443094.jpg,640,640,parking,565,68,611,146
leganes_derecha_abajo_2_40.2980589_-3.7443094.jpg,640,640,parking,552,15,603,74
leganes_derecha_abajo_2_40.2980589_-3.7478194.jpg,640,640,piscina,105,39,180,121
leganes_derecha_abajo_2_40.2980589_-3.7478194.jpg,640,640,parking,278,327,336,391
leganes_derecha_abajo_2_40.2980589_-3.7478194.jpg,640,640,parking,299,583,359,640
leganes_derecha_abajo_2_40.2980589_-3.7478194.jpg,640,640,parking,354,563,405,604
leganes_derecha_abajo_2_40.2980589_-3.7478194.jpg,640,640,parking,359,590,415,633
leganes_derecha_abajo_2_40.2980589_-3.7478194.jpg,640,640,parking,396,570,455,623
leganes_derecha_abajo_2_40.2980589_-3.7478194.jpg,640,640,parking,326,565,382,613
leganes_derecha_abajo_2_40.2980589_-3.7478194.jpg,640,640,piscina,2,556,28,571
leganes_derecha_abajo_2_40.2980589_-3.7583494.jpg,640,640,rotonda,347,288,424,373
leganes_derecha_abajo_2_40.3007289_-3.7513294.jpg,640,640,piscina,244,159,278,188
leganes_derecha_abajo_2_40.3007289_-3.7513294.jpg,640,640,piscina,96,446,149,497
leganes_derecha_abajo_2_40.3007289_-3.7513294.jpg,640,640,piscina,440,486,485,523
leganes_derecha_abajo_2_40.3007289_-3.7513294.jpg,640,640,piscina,359,343,383,360
leganes_derecha_abajo_2_40.3007289_-3.7548394.jpg,640,640,piscina,309,285,352,333
leganes_derecha_abajo_2_40.3007289_-3.7548394.jpg,640,640,piscina,565,140,613,173
leganes_derecha_abajo_2_40.3007289_-3.7548394.jpg,640,640,piscina,209,565,251,600
leganes_derecha_abajo_2_40.3007289_-3.7548394.jpg,640,640,rotonda,1,1,61,47
leganes_derecha_abajo_2_40.3033989_-3.7478194.jpg,640,640,rotonda,131,578,200,640
leganes_derecha_abajo_2_40.3033989_-3.7513294.jpg,640,640,rotonda,281,11,358,85
leganes_izq1_40.3327944_-3.7764316.jpg,640,640,piscina,29,172,80,238
leganes_izq1_40.3327944_-3.7764316.jpg,640,640,piscina,55,490,109,525
leganes_izq1_40.3327944_-3.7764316.jpg,640,640,parking,453,147,492,208
leganes_izq1_40.3327944_-3.7764316.jpg,640,640,parking,429,231,474,292
leganes_izq1_40.3327944_-3.7764316.jpg,640,640,parking,386,449,428,509
leganes_izq1_40.3327944_-3.7764316.jpg,640,640,parking,365,525,407,581
leganes_izq1_40.3327944_-3.7799416.jpg,640,640,piscina,363,224,408,272
leganes_izq1_40.3354644_-3.7729216.jpg,640,640,rotonda,321,163,371,209
leganes_izq1_40.3354644_-3.7764316.jpg,640,640,rotonda,307,238,390,311
leganes_izq1_40.3354644_-3.7764316.jpg,640,640,piscina,134,146,170,188
leganes_izq1_40.3354644_-3.7764316.jpg,640,640,piscina,9,177,43,221
leganes_izq1_40.3354644_-3.7764316.jpg,640,640,piscina,8,420,59,449
leganes_izq1_40.3354644_-3.7764316.jpg,640,640,piscina,246,421,265,442
leganes_izq1_40.3354644_-3.7764316.jpg,640,640,parking,411,533,451,590
leganes_izq1_40.3354644_-3.7764316.jpg,640,640,parking,409,572,446,623
leganes_izq1_40.3354644_-3.7764316.jpg,640,640,parking,436,233,494,263
leganes_izq1_40.3354644_-3.7764316.jpg,640,640,parking,505,227,557,266
leganes_izq1_40.3354644_-3.7764316.jpg,640,640,parking,563,220,626,271
leganes_izq1_40.3354644_-3.7799416.jpg,640,640,rotonda,96,338,245,481
leganes_izq1_40.3354644_-3.7834516.jpg,640,640,rotonda,113,76,226,190
leganes_izq1_40.3381344_-3.7729216.jpg,640,640,piscina,367,291,400,326
leganes_izq1_40.3381344_-3.7729216.jpg,640,640,piscina,189,479,245,513
leganes_izq1_40.3381344_-3.7799416.jpg,640,640,piscina,269,248,304,289
leganes_izq1_40.3381344_-3.7799416.jpg,640,640,piscina,442,245,464,275
leganes_izq1_40.3381344_-3.7799416.jpg,640,640,piscina,460,244,478,272
leganes_izq1_40.3381344_-3.7799416.jpg,640,640,piscina,490,435,523,479
leganes_izq1_40.3381344_-3.7799416.jpg,640,640,rotonda,137,342,238,444
leganes_izq1_40.3381344_-3.7799416.jpg,640,640,piscina,1,236,16,260
leganes_izq1_40.3381344_-3.7834516.jpg,640,640,piscina,403,123,442,167
leganes_izq1_40.3381344_-3.7834516.jpg,640,640,piscina,572,217,613,252
leganes_izq1_40.3381344_-3.7834516.jpg,640,640,piscina,223,377,268,418
leganes_izq1_40.3381344_-3.7869616.jpg,640,640,rotonda,241,334,374,461
leganes_izq1_40.3381344_-3.7869616.jpg,640,640,rotonda,124,551,244,640
leganes_izq1_40.3381344_-3.7869616.jpg,640,640,parking,542,68,594,127
leganes_izq1_40.3381344_-3.7869616.jpg,640,640,parking,571,128,622,184
leganes_izq1_40.3408044_-3.7729216.jpg,640,640,piscina,143,483,207,513
leganes_izq1_40.3408044_-3.7729216.jpg,640,640,piscina,463,434,499,457
leganes_izq1_40.3408044_-3.7764316.jpg,640,640,piscina,396,119,432,148
leganes_izq1_40.3408044_-3.7764316.jpg,640,640,piscina,324,554,367,588
leganes_izq1_40.3408044_-3.7799416.jpg,640,640,rotonda,203,477,357,627
leganes_izq1_40.3408044_-3.7869616.jpg,640,640,rotonda,146,358,254,467
leganes_izq1_40.3434744_-3.7729216.jpg,640,640,piscina,455,179,516,219
leganes_izq1_40.3434744_-3.7729216.jpg,640,640,piscina,349,369,390,401
leganes_izq1_40.3434744_-3.7729216.jpg,640,640,piscina,55,221,114,250
leganes_izq1_40.3434744_-3.7729216.jpg,640,640,piscina,76,595,123,638
leganes_izq1_40.3434744_-3.7764316.jpg,640,640,rotonda,222,90,327,196
leganes_izq1_40.3434744_-3.7764316.jpg,640,640,piscina,534,217,580,252
leganes_izq1_40.3434744_-3.7764316.jpg,640,640,piscina,256,610,308,638
leganes_izq1_40.3434744_-3.7764316.jpg,640,640,piscina,531,569,546,583
leganes_izq1_40.3434744_-3.7799416.jpg,640,640,piscina,108,152,167,190
leganes_izq1_40.3434744_-3.7799416.jpg,640,640,piscina,401,351,441,396
leganes_izq1_40.3434744_-3.7799416.jpg,640,640,piscina,515,68,567,98
leganes_izq1_40.3434744_-3.7799416.jpg,640,640,piscina,282,523,299,538
leganes_izq1_40.3434744_-3.7799416.jpg,640,640,piscina,587,609,605,626
leganes_izq1_40.3434744_-3.7834516.jpg,640,640,piscina,363,260,417,292
leganes_izq1_40.3434744_-3.7834516.jpg,640,640,piscina,557,200,603,235
leganes_izq1_40.3434744_-3.7834516.jpg,640,640,piscina,571,494,630,518
leganes_izq1_40.3434744_-3.7869616.jpg,640,640,rotonda,448,18,597,179
leganes_parkings _40.3297243_-3.7282691.jpg,640,640,rotonda,113,540,141,567
leganes_parkings _40.3297243_-3.7282691.jpg,640,640,parking,114,442,181,509
leganes_parkings _40.3297243_-3.7282691.jpg,640,640,parking,118,478,181,541
leganes_parkings _40.3297243_-3.7282691.jpg,640,640,parking,30,285,101,354
leganes_parkings _40.3297243_-3.7282691.jpg,640,640,parking,8,257,61,322
leganes_parkings _40.3297243_-3.7317791.jpg,640,640,piscina,142,224,188,263
leganes_parkings _40.3297243_-3.7317791.jpg,640,640,piscina,33,162,85,192
leganes_parkings _40.3297243_-3.7317791.jpg,640,640,rotonda,342,223,499,373
leganes_parkings _40.3297243_-3.7317791.jpg,640,640,piscina,426,502,460,558
leganes_parkings _40.3297243_-3.7317791.jpg,640,640,rotonda,552,254,577,280
leganes_parkings _40.3297243_-3.7352891.jpg,640,640,piscina,500,319,578,396
leganes_parkings _40.3297243_-3.7387991.jpg,640,640,parking,512,240,565,298
leganes_parkings _40.3297243_-3.7387991.jpg,640,640,parking,461,285,522,345
leganes_parkings _40.3323943_-3.7247591.jpg,640,640,parking,90,96,152,165
leganes_parkings _40.3323943_-3.7247591.jpg,640,640,parking,149,88,203,163
leganes_parkings _40.3323943_-3.7247591.jpg,640,640,parking,86,156,144,212
leganes_parkings _40.3323943_-3.7247591.jpg,640,640,parking,126,143,181,210
leganes_parkings _40.3323943_-3.7247591.jpg,640,640,parking,184,96,229,150
leganes_parkings _40.3323943_-3.7247591.jpg,640,640,rotonda,542,3,590,48
leganes_parkings _40.3323943_-3.7282691.jpg,640,640,rotonda,255,513,342,596
leganes_parkings _40.3323943_-3.7317791.jpg,640,640,rotonda,81,538,203,640
leganes_parkings _40.3350643_-3.7212491.jpg,640,640,rotonda,434,448,519,535
leganes_parkings _40.3350643_-3.7387991.jpg,640,640,rotonda,274,496,328,547
leganes_parkings _40.3350643_-3.7387991.jpg,640,640,parking,338,566,393,631
leganes_parkings _40.3350643_-3.7387991.jpg,640,640,parking,129,542,195,587
leganes_parkings _40.3350643_-3.7387991.jpg,640,640,parking,86,557,147,599
leganes_parkings _40.3350643_-3.7387991.jpg,640,640,parking,7,183,51,226
leganes_parkings _40.3350643_-3.7387991.jpg,640,640,piscina,322,50,368,79
leganes_parkings _40.3377343_-3.7212491.jpg,640,640,rotonda,498,484,592,586
leganes_parkings _40.3377343_-3.7282691.jpg,640,640,rotonda,70,3,167,95
leganes_parkings _40.3377343_-3.7317791.jpg,640,640,parking,123,241,194,285
leganes_parkings _40.3377343_-3.7317791.jpg,640,640,parking,161,230,227,274
leganes_parkings _40.3377343_-3.7317791.jpg,640,640,parking,263,160,319,205
leganes_parkings _40.3377343_-3.7317791.jpg,640,640,parking,326,138,388,181
leganes_parkings _40.3377343_-3.7317791.jpg,640,640,parking,585,4,638,42
leganes_parkings _40.3377343_-3.7317791.jpg,640,640,rotonda,1,484,51,589
leganes_parkings _40.3377343_-3.7352891.jpg,640,640,parking,167,106,235,191
leganes_parkings _40.3377343_-3.7352891.jpg,640,640,parking,218,96,284,163
leganes_parkings _40.3377343_-3.7352891.jpg,640,640,parking,280,83,353,148
leganes_parkings _40.3377343_-3.7352891.jpg,640,640,parking,321,71,380,136
leganes_parkings _40.3377343_-3.7352891.jpg,640,640,parking,327,128,394,194
leganes_parkings _40.3377343_-3.7352891.jpg,640,640,parking,278,133,333,196
leganes_parkings _40.3377343_-3.7352891.jpg,640,640,parking,231,150,299,219
leganes_parkings _40.3377343_-3.7352891.jpg,640,640,parking,343,175,415,240
leganes_parkings _40.3377343_-3.7352891.jpg,640,640,parking,290,202,346,266
leganes_parkings _40.3377343_-3.7352891.jpg,640,640,parking,201,235,269,303
leganes_parkings _40.3377343_-3.7352891.jpg,640,640,parking,179,180,242,248
leganes_parkings _40.3377343_-3.7352891.jpg,640,640,parking,266,246,331,313
leganes_parkings _40.3377343_-3.7352891.jpg,640,640,parking,338,232,396,298
leganes_parkings _40.3377343_-3.7352891.jpg,640,640,parking,457,191,511,250
leganes_parkings _40.3377343_-3.7352891.jpg,640,640,parking,444,134,491,183
leganes_parkings _40.3377343_-3.7352891.jpg,640,640,parking,481,124,522,175
leganes_parkings _40.3377343_-3.7352891.jpg,640,640,parking,513,108,562,165
leganes_parkings _40.3377343_-3.7352891.jpg,640,640,parking,430,95,484,146
leganes_parkings _40.3377343_-3.7352891.jpg,640,640,parking,480,84,526,137
leganes_parkings _40.3377343_-3.7352891.jpg,640,640,parking,509,77,557,128
leganes_parkings _40.3377343_-3.7352891.jpg,640,640,parking,413,40,462,90
leganes_parkings _40.3377343_-3.7352891.jpg,640,640,parking,450,27,499,80
leganes_parkings _40.3377343_-3.7352891.jpg,640,640,parking,482,24,529,67
leganes_parkings _40.3377343_-3.7352891.jpg,640,640,parking,81,127,149,178
leganes_parkings _40.3377343_-3.7352891.jpg,640,640,parking,104,150,167,206
leganes_parkings _40.3377343_-3.7352891.jpg,640,640,parking,110,185,176,251
leganes_parkings _40.3377343_-3.7352891.jpg,640,640,parking,123,221,183,292
leganes_parkings _40.3377343_-3.7352891.jpg,640,640,parking,120,264,193,325
leganes_parkings _40.3377343_-3.7352891.jpg,640,640,parking,150,304,208,365
leganes_parkings _40.3377343_-3.7352891.jpg,640,640,parking,49,125,100,179
leganes_parkings _40.3377343_-3.7352891.jpg,640,640,parking,46,172,107,227
leganes_parkings _40.3377343_-3.7352891.jpg,640,640,parking,57,225,119,285
leganes_parkings _40.3377343_-3.7352891.jpg,640,640,parking,74,288,139,345
leganes_parkings _40.3377343_-3.7352891.jpg,640,640,parking,85,321,151,379
leganes_parkings _40.3377343_-3.7352891.jpg,640,640,parking,241,291,305,352
leganes_parkings _40.3377343_-3.7352891.jpg,640,640,parking,314,290,364,335
leganes_parkings _40.3377343_-3.7352891.jpg,640,640,parking,355,270,428,317
leganes_parkings _40.3377343_-3.7352891.jpg,640,640,parking,400,340,465,383
leganes_parkings _40.3377343_-3.7352891.jpg,640,640,parking,5,144,52,201
leganes_parkings _40.3377343_-3.7352891.jpg,640,640,parking,14,212,63,276
leganes_parkings _40.3377343_-3.7352891.jpg,640,640,parking,15,281,78,340
leganes_parkings _40.3377343_-3.7352891.jpg,640,640,parking,52,18,115,73
leganes_parkings _40.3377343_-3.7352891.jpg,640,640,parking,8,40,61,94
leganes_parkings _40.3377343_-3.7352891.jpg,640,640,parking,10,6,74,56
leganes_parkings _40.3377343_-3.7387991.jpg,640,640,rotonda,119,506,219,608
leganes_parkings _40.3377343_-3.7387991.jpg,640,640,rotonda,552,346,640,479
leganes_parkings _40.3377343_-3.7387991.jpg,640,640,parking,588,158,638,216
leganes_parkings _40.3377343_-3.7387991.jpg,640,640,parking,578,62,626,123
leganes_parkings _40.3377343_-3.7387991.jpg,640,640,parking,557,8,621,60
leganes_parkings _40.3377343_-3.7387991.jpg,640,640,parking,57,90,109,133
leganes_parkings _40.3377343_-3.7387991.jpg,640,640,parking,243,274,294,315
leganes_parkings _40.3404043_-3.7247591.jpg,640,640,parking,8,172,68,231
leganes_parkings _40.3404043_-3.7247591.jpg,640,640,parking,73,169,143,233
leganes_parkings _40.3404043_-3.7247591.jpg,640,640,parking,6,223,75,281
leganes_parkings _40.3404043_-3.7247591.jpg,640,640,parking,82,223,146,266
leganes_parkings _40.3404043_-3.7282691.jpg,640,640,parking,230,356,301,418
leganes_parkings _40.3404043_-3.7282691.jpg,640,640,parking,176,377,242,429
leganes_parkings _40.3404043_-3.7282691.jpg,640,640,parking,109,396,182,462
leganes_parkings _40.3404043_-3.7282691.jpg,640,640,parking,131,484,213,557
leganes_parkings _40.3404043_-3.7282691.jpg,640,640,parking,203,463,269,535
leganes_parkings _40.3404043_-3.7282691.jpg,640,640,parking,270,448,322,520
leganes_parkings _40.3404043_-3.7282691.jpg,640,640,parking,86,406,146,471
leganes_parkings _40.3404043_-3.7282691.jpg,640,640,parking,115,500,171,561
leganes_parkings _40.3404043_-3.7282691.jpg,640,640,parking,536,172,595,238
leganes_parkings _40.3404043_-3.7282691.jpg,640,640,parking,543,241,601,318
leganes_parkings _40.3404043_-3.7282691.jpg,640,640,parking,575,179,640,243
leganes_parkings _40.3404043_-3.7282691.jpg,640,640,parking,570,247,638,334
leganes_parkings _40.3404043_-3.7282691.jpg,640,640,parking,90,392,318,552
leganes_parkings _40.3404043_-3.7317791.jpg,640,640,rotonda,578,121,623,167
leganes_parkings _40.3404043_-3.7317791.jpg,640,640,parking,40,154,110,204
leganes_parkings _40.3404043_-3.7352891.jpg,640,640,parking,1,461,64,540
leganes_parkings _40.3404043_-3.7352891.jpg,640,640,parking,5,545,93,626
leganes_parkings _40.3404043_-3.7352891.jpg,640,640,parking,1,411,55,467
leganes_parkings _40.3404043_-3.7352891.jpg,640,640,parking,43,197,113,240
leganes_parkings _40.3404043_-3.7387991.jpg,640,640,rotonda,307,229,406,325
leganes_parkings _40.3404043_-3.7387991.jpg,640,640,parking,459,283,523,346
leganes_parkings _40.3404043_-3.7387991.jpg,640,640,parking,528,264,611,335
leganes_parkings _40.3404043_-3.7387991.jpg,640,640,parking,461,350,538,423
leganes_parkings _40.3404043_-3.7387991.jpg,640,640,parking,549,340,632,406
leganes_parkings _40.3404043_-3.7387991.jpg,640,640,parking,489,451,568,516
leganes_parkings _40.3404043_-3.7387991.jpg,640,640,parking,574,429,640,496
leganes_parkings _40.3404043_-3.7387991.jpg,640,640,parking,526,529,602,599
leganes_parkings _40.3404043_-3.7387991.jpg,640,640,parking,589,511,640,577
leganes_parkings _40.3404043_-3.7387991.jpg,640,640,parking,457,267,634,421
leganes_parkings _40.3404043_-3.7387991.jpg,640,640,parking,496,452,640,622
Madrid_norte_2_40.5406139_-3.6113772.jpg,640,640,parking,271,190,333,265
Madrid_norte_2_40.5406139_-3.6113772.jpg,640,640,parking,269,281,341,363
Madrid_norte_2_40.5406139_-3.6113772.jpg,640,640,parking,272,356,342,431
Madrid_norte_2_40.5406139_-3.6113772.jpg,640,640,parking,38,490,137,543
Madrid_norte_2_40.5406139_-3.6113772.jpg,640,640,parking,40,539,130,610
Madrid_norte_2_40.5406139_-3.6113772.jpg,640,640,parking,261,202,342,422
Madrid_norte_2_40.5406139_-3.6113772.jpg,640,640,parking,39,489,122,621
Madrid_norte_2_40.5406139_-3.6113772.jpg,640,640,rotonda,367,411,471,523
Madrid_norte_2_40.5406139_-3.6113772.jpg,640,640,parking,549,217,599,290
Madrid_norte_2_40.5406139_-3.6113772.jpg,640,640,parking,511,310,564,400
Madrid_norte_2_40.5406139_-3.6113772.jpg,640,640,parking,582,108,632,188
Madrid_norte_2_40.5406139_-3.6113772.jpg,640,640,parking,599,38,640,100
Madrid_norte_2_40.5406139_-3.6113772.jpg,640,640,parking,243,2,326,86
Madrid_norte_2_40.5406139_-3.6113772.jpg,640,640,parking,314,1,389,98
Madrid_norte_2_40.5406139_-3.6113772.jpg,640,640,parking,100,8,182,93
Madrid_norte_2_40.5406139_-3.6113772.jpg,640,640,parking,13,11,96,94
Madrid_norte_2_40.5406139_-3.6113772.jpg,640,640,parking,64,110,131,150
Madrid_norte_2_40.5406139_-3.6148872.jpg,640,640,parking,392,2,441,55
Madrid_norte_2_40.5406139_-3.6148872.jpg,640,640,parking,461,4,534,81
Madrid_norte_2_40.5406139_-3.6148872.jpg,640,640,parking,546,2,628,82
Madrid_norte_2_40.5406139_-3.6148872.jpg,640,640,parking,510,98,629,144
Madrid_norte_2_40.5406139_-3.6183972.jpg,640,640,rotonda,238,357,337,450
Madrid_norte_2_40.5406139_-3.6183972.jpg,640,640,piscina,61,379,107,406
Madrid_norte_2_40.5406139_-3.6183972.jpg,640,640,piscina,165,19,214,49
Madrid_norte_2_40.5406139_-3.6219072.jpg,640,640,piscina,607,46,640,90
Madrid_norte_2_40.5406139_-3.6219072.jpg,640,640,piscina,534,571,571,607
Madrid_norte_2_40.5406139_-3.6254172.jpg,640,640,piscina,233,138,274,183
Madrid_norte_2_40.5406139_-3.6254172.jpg,640,640,piscina,220,255,263,283
Madrid_norte_2_40.5406139_-3.6254172.jpg,640,640,piscina,63,146,92,168
Madrid_norte_2_40.5406139_-3.6254172.jpg,640,640,parking,315,257,416,342
Madrid_norte_2_40.5406139_-3.6254172.jpg,640,640,parking,349,189,448,261
Madrid_norte_2_40.5406139_-3.6254172.jpg,640,640,parking,475,333,549,393
Madrid_norte_2_40.5406139_-3.6254172.jpg,640,640,parking,559,263,636,349
Madrid_norte_2_40.5406139_-3.6254172.jpg,640,640,piscina,563,170,599,213
Madrid_norte_2_40.5406139_-3.6254172.jpg,640,640,piscina,367,563,431,600
Madrid_norte_2_40.5406139_-3.6254172.jpg,640,640,parking,250,318,379,396
Madrid_norte_2_40.5432839_-3.6113772.jpg,640,640,rotonda,191,84,253,140
Madrid_norte_2_40.5432839_-3.6113772.jpg,640,640,rotonda,177,494,237,553
Madrid_norte_2_40.5432839_-3.6113772.jpg,640,640,parking,235,374,390,479
Madrid_norte_2_40.5432839_-3.6113772.jpg,640,640,parking,27,367,186,467
Madrid_norte_2_40.5432839_-3.6113772.jpg,640,640,parking,30,160,198,275
Madrid_norte_2_40.5432839_-3.6113772.jpg,640,640,parking,236,177,394,281
Madrid_norte_2_40.5432839_-3.6113772.jpg,640,640,parking,249,8,405,81
Madrid_norte_2_40.5432839_-3.6113772.jpg,640,640,parking,43,8,185,81
Madrid_norte_2_40.5432839_-3.6113772.jpg,640,640,parking,219,561,383,638
Madrid_norte_2_40.5432839_-3.6113772.jpg,640,640,parking,15,552,174,635
Madrid_norte_2_40.5432839_-3.6113772.jpg,640,640,parking,416,371,461,492
Madrid_norte_2_40.5432839_-3.6113772.jpg,640,640,parking,433,169,467,284
Madrid_norte_2_40.5432839_-3.6113772.jpg,640,640,parking,432,21,471,92
Madrid_norte_2_40.5432839_-3.6148872.jpg,640,640,parking,474,359,632,473
Madrid_norte_2_40.5432839_-3.6148872.jpg,640,640,parking,471,531,633,619
Madrid_norte_2_40.5432839_-3.6148872.jpg,640,640,parking,411,352,460,469
Madrid_norte_2_40.5432839_-3.6148872.jpg,640,640,parking,488,129,640,261
Madrid_norte_2_40.5432839_-3.6148872.jpg,640,640,parking,407,116,459,238
Madrid_norte_2_40.5432839_-3.6148872.jpg,640,640,parking,484,6,638,77
Madrid_norte_2_40.5432839_-3.6148872.jpg,640,640,rotonda,1,139,50,206
Madrid_norte_2_40.5432839_-3.6183972.jpg,640,640,parking,191,94,239,129
Madrid_norte_2_40.5432839_-3.6219072.jpg,640,640,piscina,330,29,355,83
Madrid_norte_2_40.5432839_-3.6219072.jpg,640,640,piscina,278,479,311,541
Madrid_norte_2_40.5432839_-3.6219072.jpg,640,640,piscina,304,458,332,492
Madrid_norte_2_40.5432839_-3.6254172.jpg,640,640,rotonda,303,207,405,311
Madrid_norte_2_40.5432839_-3.6254172.jpg,640,640,rotonda,156,394,182,421
Madrid_norte_2_40.5432839_-3.6254172.jpg,640,640,piscina,206,583,240,615
Madrid_norte_2_40.5432839_-3.6254172.jpg,640,640,parking,74,440,132,487
Madrid_norte_2_40.5432839_-3.6254172.jpg,640,640,parking,26,524,69,566
Madrid_norte_2_40.5459539_-3.6113772.jpg,640,640,parking,276,487,418,623
Madrid_norte_2_40.5459539_-3.6113772.jpg,640,640,parking,55,475,217,611
Madrid_norte_2_40.5459539_-3.6113772.jpg,640,640,rotonda,458,1,568,90
Madrid_norte_2_40.5459539_-3.6113772.jpg,640,640,parking,435,302,504,398
Madrid_norte_2_40.5459539_-3.6148872.jpg,640,640,parking,511,471,634,617
Madrid_norte_2_40.5459539_-3.6183972.jpg,640,640,rotonda,416,157,492,229
Madrid_norte_2_40.5459539_-3.6183972.jpg,640,640,parking,528,413,612,502
Madrid_norte_2_40.5459539_-3.6219072.jpg,640,640,piscina,203,179,229,214
Madrid_norte_2_40.5459539_-3.6219072.jpg,640,640,rotonda,1,394,48,461
Madrid_norte_2_40.5459539_-3.6219072.jpg,640,640,parking,445,130,500,173
Madrid_norte_2_40.5459539_-3.6219072.jpg,640,640,parking,494,97,549,135
Madrid_norte_2_40.5486239_-3.6219072.jpg,640,640,piscina,308,213,344,242
Madrid_norte_2_40.5486239_-3.6219072.jpg,640,640,rotonda,605,213,640,273
Madrid_norte_2_40.5486239_-3.6219072.jpg,640,640,rotonda,367,434,415,467
Madrid_norte_2_40.5512939_-3.6113772.jpg,640,640,rotonda,565,44,636,113
Madrid_norte_2_40.5512939_-3.6183972.jpg,640,640,parking,143,471,228,538
Madrid_norte_2_40.5512939_-3.6183972.jpg,640,640,parking,163,437,248,496
Madrid_norte_2_40.5512939_-3.6183972.jpg,640,640,parking,287,419,367,493
Madrid_norte_2_40.5512939_-3.6183972.jpg,640,640,parking,165,581,230,634
Madrid_norte_2_40.5512939_-3.6183972.jpg,640,640,parking,328,246,394,314
Madrid_norte_2_40.5512939_-3.6183972.jpg,640,640,parking,280,268,351,327
Madrid_norte_2_40.5512939_-3.6183972.jpg,640,640,rotonda,260,13,382,153
Madrid_norte_2_40.5512939_-3.6219072.jpg,640,640,rotonda,272,494,309,531
Madrid_norte_2_40.5512939_-3.6219072.jpg,640,640,parking,136,345,183,410
Madrid_norte_2_40.5512939_-3.6219072.jpg,640,640,parking,53,333,126,412
Madrid_norte_2_40.5512939_-3.6219072.jpg,640,640,parking,208,336,336,418
Madrid_norte_2_40.5512939_-3.6219072.jpg,640,640,parking,126,344,342,444
Madrid_norte_2_40.5512939_-3.6219072.jpg,640,640,parking,255,4,341,92
Madrid_norte_2_40.5512939_-3.6219072.jpg,640,640,parking,534,292,602,352
Madrid_norte_2_40.5512939_-3.6254172.jpg,640,640,parking,147,221,315,313
Madrid_norte_2_40.5512939_-3.6254172.jpg,640,640,parking,346,254,502,340
Madrid_norte_2_40.5512939_-3.6254172.jpg,640,640,parking,523,284,640,366
Madrid_norte_2_40.5539639_-3.6113772.jpg,640,640,parking,244,45,315,115
Madrid_norte_2_40.5539639_-3.6113772.jpg,640,640,parking,203,1,261,46
Madrid_norte_2_40.5539639_-3.6113772.jpg,640,640,parking,291,75,354,138
Madrid_norte_2_40.5539639_-3.6148872.jpg,640,640,parking,521,63,578,113
Madrid_norte_2_40.5539639_-3.6148872.jpg,640,640,parking,588,112,640,153
Madrid_norte_2_40.5539639_-3.6183972.jpg,640,640,parking,301,431,363,477
Madrid_norte_2_40.5539639_-3.6183972.jpg,640,640,parking,279,473,336,524
Madrid_norte_2_40.5566339_-3.6113772.jpg,640,640,parking,190,40,288,158
Madrid_norte_2_40.5566339_-3.6113772.jpg,640,640,parking,239,112,357,217
Madrid_norte_2_40.5566339_-3.6113772.jpg,640,640,parking,309,250,397,308
Madrid_norte_2_40.5566339_-3.6113772.jpg,640,640,parking,382,298,465,367
Madrid_norte_2_40.5566339_-3.6113772.jpg,640,640,parking,549,292,597,354
Madrid_norte_2_40.5566339_-3.6113772.jpg,640,640,rotonda,522,494,596,558
Madrid_norte_2_40.5566339_-3.6113772.jpg,640,640,parking,463,369,540,435
Madrid_norte_2_40.5566339_-3.6113772.jpg,640,640,parking,208,600,270,640
Madrid_norte_2_40.5566339_-3.6148872.jpg,640,640,rotonda,539,4,637,121
Madrid_norte_2_40.5566339_-3.6148872.jpg,640,640,parking,419,479,499,554
Madrid_norte_2_40.5566339_-3.6148872.jpg,640,640,parking,467,410,550,488
Madrid_norte_2_40.5566339_-3.6148872.jpg,640,640,parking,1,404,38,464
Madrid_norte_2_40.5566339_-3.6148872.jpg,640,640,parking,21,358,80,419
Madrid_norte_2_40.5566339_-3.6183972.jpg,640,640,parking,105,319,199,400
Madrid_norte_2_40.5566339_-3.6183972.jpg,640,640,parking,488,513,617,617
Madrid_norte_2_40.5566339_-3.6183972.jpg,640,640,parking,555,398,630,463
Madrid_norte_2_40.5566339_-3.6183972.jpg,640,640,parking,520,467,587,517
Madrid_norte_2_40.5566339_-3.6183972.jpg,640,640,parking,171,277,249,335
Madrid_norte_2_40.5566339_-3.6219072.jpg,640,640,parking,451,423,501,472
Madrid_norte_2_40.5566339_-3.6219072.jpg,640,640,parking,494,389,565,432
Madrid_norte_2_40.5593039_-3.6113772.jpg,640,640,rotonda,239,142,363,263
Madrid_norte_2_40.5593039_-3.6113772.jpg,640,640,piscina,23,112,72,158
Madrid_norte_2_40.5593039_-3.6113772.jpg,640,640,parking,298,425,365,494
Madrid_norte_2_40.5593039_-3.6113772.jpg,640,640,parking,251,405,296,467
Madrid_norte_2_40.5593039_-3.6113772.jpg,640,640,parking,208,465,254,517
Madrid_norte_2_40.5593039_-3.6113772.jpg,640,640,parking,309,346,348,389
Madrid_norte_2_40.5593039_-3.6113772.jpg,640,640,parking,140,529,202,582
Madrid_norte_2_40.5593039_-3.6148872.jpg,640,640,rotonda,132,331,199,393
Madrid_norte_2_40.5593039_-3.6148872.jpg,640,640,piscina,549,24,590,65
Madrid_norte_2_40.5593039_-3.6148872.jpg,640,640,parking,225,556,352,628
Madrid_norte_2_40.5593039_-3.6148872.jpg,640,640,parking,260,516,336,579
Madrid_norte_2_40.5593039_-3.6183972.jpg,640,640,rotonda,84,492,126,531
Madrid_norte_2_40.5593039_-3.6219072.jpg,640,640,rotonda,369,174,421,223
Madrid_norte_2_40.5593039_-3.6254172.jpg,640,640,rotonda,101,383,179,454
Madrid_norte_2_40.5593039_-3.6254172.jpg,640,640,parking,553,127,603,179
Madrid_norte_2_40.5593039_-3.6254172.jpg,640,640,parking,517,181,560,227
Madrid_norte_2_40.5593039_-3.6254172.jpg,640,640,parking,510,531,563,586
Madrid_norte_2_40.5593039_-3.6254172.jpg,640,640,parking,551,575,592,612
Madrid_norte_2_40.5593039_-3.6254172.jpg,640,640,parking,199,433,261,500
Madrid_norte_2_40.5619739_-3.6078672.jpg,640,640,rotonda,234,406,345,510
Madrid_norte_2_40.5619739_-3.6078672.jpg,640,640,rotonda,1,222,98,335
Madrid_norte_2_40.5619739_-3.6113772.jpg,640,640,rotonda,201,32,259,90
Madrid_norte_2_40.5619739_-3.6113772.jpg,640,640,piscina,9,480,69,525
Madrid_norte_2_40.5619739_-3.6148872.jpg,640,640,piscina,156,161,204,200
Madrid_norte_2_40.5619739_-3.6148872.jpg,640,640,piscina,1,297,36,329
Madrid_norte_2_40.5619739_-3.6183972.jpg,640,640,piscina,15,235,76,281
Madrid_norte_2_40.5619739_-3.6183972.jpg,640,640,piscina,315,379,361,431
Madrid_norte_2_40.5619739_-3.6183972.jpg,640,640,piscina,464,418,541,492
Madrid_norte_2_40.5619739_-3.6183972.jpg,640,640,piscina,509,221,559,267
Madrid_norte_2_40.5619739_-3.6183972.jpg,640,640,rotonda,77,418,186,513
Madrid_norte_2_40.5646439_-3.6078672.jpg,640,640,piscina,26,252,59,301
Madrid_norte_2_40.5646439_-3.6078672.jpg,640,640,rotonda,530,41,640,198
Madrid_norte_2_40.5646439_-3.6148872.jpg,640,640,piscina,128,419,202,477
Madrid_norte_2_40.5646439_-3.6148872.jpg,640,640,piscina,534,150,595,199
Madrid_norte_2_40.5646439_-3.6148872.jpg,640,640,piscina,554,569,586,617
Madrid_norte_2_40.5646439_-3.6148872.jpg,640,640,rotonda,538,441,599,500
Madrid_norte_2_40.5646439_-3.6254172.jpg,640,640,rotonda,370,280,415,328
Madrid_norte_40.5449732_-3.6484352.jpg,640,640,rotonda,494,366,550,417
Madrid_norte_40.5449732_-3.6484352.jpg,640,640,piscina,13,479,75,527
Madrid_norte_40.5449732_-3.6484352.jpg,640,640,parking,23,322,201,352
Madrid_norte_40.5449732_-3.6484352.jpg,640,640,parking,208,333,401,363
Madrid_norte_40.5449732_-3.6519452.jpg,640,640,rotonda,509,328,575,390
Madrid_norte_40.5449732_-3.6519452.jpg,640,640,rotonda,521,1,611,57
Madrid_norte_40.5449732_-3.6519452.jpg,640,640,piscina,51,202,96,254
Madrid_norte_40.5449732_-3.6519452.jpg,640,640,piscina,77,421,130,454
Madrid_norte_40.5449732_-3.6519452.jpg,640,640,piscina,201,422,220,455
Madrid_norte_40.5449732_-3.6519452.jpg,640,640,piscina,344,98,365,138
Madrid_norte_40.5449732_-3.6519452.jpg,640,640,piscina,363,136,396,163
Madrid_norte_40.5449732_-3.6519452.jpg,640,640,piscina,90,94,111,123
Madrid_norte_40.5449732_-3.6554552.jpg,640,640,piscina,159,122,242,168
Madrid_norte_40.5449732_-3.6554552.jpg,640,640,piscina,108,484,174,518
Madrid_norte_40.5449732_-3.6554552.jpg,640,640,piscina,485,446,512,483
Madrid_norte_40.5449732_-3.6554552.jpg,640,640,piscina,478,83,512,108
Madrid_norte_40.5449732_-3.6554552.jpg,640,640,parking,338,51,474,104
Madrid_norte_40.5449732_-3.6554552.jpg,640,640,parking,455,13,496,61
Madrid_norte_40.5449732_-3.6554552.jpg,640,640,rotonda,1,270,24,313
Madrid_norte_40.5449732_-3.6589652.jpg,640,640,piscina,86,99,134,156
Madrid_norte_40.5449732_-3.6589652.jpg,640,640,piscina,334,116,376,142
Madrid_norte_40.5449732_-3.6589652.jpg,640,640,piscina,471,76,510,156
Madrid_norte_40.5449732_-3.6589652.jpg,640,640,piscina,438,340,467,398
Madrid_norte_40.5449732_-3.6589652.jpg,640,640,piscina,109,411,151,459
Madrid_norte_40.5449732_-3.6624752.jpg,640,640,rotonda,378,188,499,302
Madrid_norte_40.5449732_-3.6624752.jpg,640,640,parking,510,446,544,501
Madrid_norte_40.5476432_-3.6484352.jpg,640,640,rotonda,1,163,55,263
Madrid_norte_40.5476432_-3.6484352.jpg,640,640,parking,35,342,161,384
Madrid_norte_40.5476432_-3.6484352.jpg,640,640,parking,191,333,305,377
Madrid_norte_40.5476432_-3.6484352.jpg,640,640,parking,237,81,293,159
Madrid_norte_40.5476432_-3.6484352.jpg,640,640,parking,271,171,349,271
Madrid_norte_40.5476432_-3.6484352.jpg,640,640,parking,384,390,440,470
Madrid_norte_40.5476432_-3.6484352.jpg,640,640,parking,427,482,484,568
Madrid_norte_40.5476432_-3.6484352.jpg,640,640,piscina,317,412,350,470
Madrid_norte_40.5476432_-3.6484352.jpg,640,640,parking,484,249,542,327
Madrid_norte_40.5476432_-3.6519452.jpg,640,640,parking,404,279,460,328
Madrid_norte_40.5476432_-3.6519452.jpg,640,640,parking,463,309,546,356
Madrid_norte_40.5476432_-3.6519452.jpg,640,640,parking,71,438,140,510
Madrid_norte_40.5476432_-3.6519452.jpg,640,640,parking,116,376,170,439
Madrid_norte_40.5476432_-3.6519452.jpg,640,640,parking,165,265,209,331
Madrid_norte_40.5476432_-3.6519452.jpg,640,640,parking,136,344,180,377
Madrid_norte_40.5476432_-3.6554552.jpg,640,640,parking,442,241,560,297
Madrid_norte_40.5476432_-3.6554552.jpg,640,640,parking,93,221,425,321
Madrid_norte_40.5476432_-3.6554552.jpg,640,640,rotonda,9,370,78,444
Madrid_norte_40.5476432_-3.6554552.jpg,640,640,parking,367,547,524,598
Madrid_norte_40.5476432_-3.6554552.jpg,640,640,piscina,165,615,225,640
Madrid_norte_40.5476432_-3.6589652.jpg,640,640,piscina,319,476,364,510
Madrid_norte_40.5476432_-3.6589652.jpg,640,640,piscina,328,527,378,556
Madrid_norte_40.5476432_-3.6589652.jpg,640,640,piscina,526,531,574,558
Madrid_norte_40.5476432_-3.6624752.jpg,640,640,piscina,569,439,615,481
Madrid_norte_40.5476432_-3.6624752.jpg,640,640,rotonda,155,2,329,127
Madrid_norte_40.5476432_-3.6624752.jpg,640,640,parking,391,110,472,155
Madrid_norte_40.5476432_-3.6624752.jpg,640,640,parking,501,6,634,63
Madrid_norte_40.5503132_-3.6484352.jpg,640,640,parking,24,145,168,313
Madrid_norte_40.5503132_-3.6484352.jpg,640,640,rotonda,465,377,533,436
Madrid_norte_40.5503132_-3.6484352.jpg,640,640,parking,1,1,89,90
Madrid_norte_40.5503132_-3.6519452.jpg,640,640,piscina,314,444,345,465
Madrid_norte_40.5503132_-3.6519452.jpg,640,640,piscina,153,450,178,483
Madrid_norte_40.5503132_-3.6519452.jpg,640,640,piscina,169,74,192,119
Madrid_norte_40.5503132_-3.6519452.jpg,640,640,rotonda,592,344,640,413
Madrid_norte_40.5503132_-3.6554552.jpg,640,640,rotonda,41,287,103,351
Madrid_norte_40.5503132_-3.6554552.jpg,640,640,piscina,187,201,218,240
Madrid_norte_40.5503132_-3.6554552.jpg,640,640,piscina,361,213,382,252
Madrid_norte_40.5503132_-3.6554552.jpg,640,640,piscina,519,211,564,243
Madrid_norte_40.5503132_-3.6554552.jpg,640,640,piscina,503,417,534,461
Madrid_norte_40.5503132_-3.6554552.jpg,640,640,piscina,340,410,367,447
Madrid_norte_40.5503132_-3.6554552.jpg,640,640,piscina,177,415,212,450
Madrid_norte_40.5503132_-3.6554552.jpg,640,640,piscina,164,565,199,583
Madrid_norte_40.5503132_-3.6554552.jpg,640,640,piscina,188,38,229,60
Madrid_norte_40.5503132_-3.6554552.jpg,640,640,piscina,533,46,573,96
Madrid_norte_40.5503132_-3.6554552.jpg,640,640,piscina,488,580,537,604
Madrid_norte_40.5503132_-3.6589652.jpg,640,640,piscina,286,115,309,153
Madrid_norte_40.5503132_-3.6589652.jpg,640,640,piscina,271,165,312,185
Madrid_norte_40.5503132_-3.6589652.jpg,640,640,piscina,454,118,480,154
Madrid_norte_40.5503132_-3.6589652.jpg,640,640,piscina,446,173,489,198
Madrid_norte_40.5503132_-3.6589652.jpg,640,640,piscina,1,121,13,141
Madrid_norte_40.5503132_-3.6589652.jpg,640,640,rotonda,91,240,181,335
Madrid_norte_40.5503132_-3.6624752.jpg,640,640,piscina,444,79,464,118
Madrid_norte_40.5503132_-3.6624752.jpg,640,640,piscina,451,145,488,173
Madrid_norte_40.5503132_-3.6624752.jpg,640,640,rotonda,297,233,376,304
Madrid_norte_40.5529832_-3.6484352.jpg,640,640,rotonda,1,143,55,210
Madrid_norte_40.5529832_-3.6484352.jpg,640,640,piscina,452,100,486,132
Madrid_norte_40.5529832_-3.6484352.jpg,640,640,rotonda,1,467,28,552
Madrid_norte_40.5529832_-3.6519452.jpg,640,640,piscina,237,65,266,94
Madrid_norte_40.5529832_-3.6519452.jpg,640,640,piscina,169,577,221,608
Madrid_norte_40.5529832_-3.6519452.jpg,640,640,piscina,341,581,378,616
Madrid_norte_40.5529832_-3.6554552.jpg,640,640,piscina,552,535,591,565
Madrid_norte_40.5529832_-3.6554552.jpg,640,640,piscina,363,535,406,565
Madrid_norte_40.5529832_-3.6554552.jpg,640,640,piscina,163,541,204,559
Madrid_norte_40.5529832_-3.6554552.jpg,640,640,rotonda,67,409,135,479
Madrid_norte_40.5529832_-3.6589652.jpg,640,640,piscina,312,233,339,278
Madrid_norte_40.5529832_-3.6589652.jpg,640,640,piscina,504,217,529,260
Madrid_norte_40.5529832_-3.6589652.jpg,640,640,piscina,274,579,323,604
Madrid_norte_40.5529832_-3.6589652.jpg,640,640,piscina,1,523,26,571
Madrid_norte_40.5529832_-3.6589652.jpg,640,640,rotonda,115,360,217,467
Madrid_norte_40.5529832_-3.6589652.jpg,640,640,parking,264,384,386,410
Madrid_norte_40.5529832_-3.6589652.jpg,640,640,parking,442,397,561,419
Madrid_norte_40.5529832_-3.6624752.jpg,640,640,rotonda,327,357,399,433
Madrid_norte_40.5529832_-3.6624752.jpg,640,640,piscina,459,482,505,515
Madrid_norte_40.5529832_-3.6624752.jpg,640,640,piscina,463,540,492,575
Madrid_norte_40.5556532_-3.6484352.jpg,640,640,rotonda,20,144,81,210
Madrid_norte_40.5556532_-3.6484352.jpg,640,640,rotonda,4,519,63,579
Madrid_norte_40.5556532_-3.6519452.jpg,640,640,rotonda,34,77,166,212
Madrid_norte_40.5556532_-3.6519452.jpg,640,640,piscina,524,23,571,44
Madrid_norte_40.5556532_-3.6554552.jpg,640,640,rotonda,91,438,166,506
Madrid_norte_40.5556532_-3.6554552.jpg,640,640,piscina,557,555,601,584
Madrid_norte_40.5556532_-3.6589652.jpg,640,640,piscina,338,265,371,313
Madrid_norte_40.5556532_-3.6589652.jpg,640,640,piscina,536,5,578,29
Madrid_norte_40.5556532_-3.6589652.jpg,640,640,piscina,518,269,557,314
Madrid_norte_40.5556532_-3.6589652.jpg,640,640,piscina,527,327,557,365
Madrid_norte_40.5556532_-3.6589652.jpg,640,640,piscina,49,286,72,321
Madrid_norte_40.5556532_-3.6589652.jpg,640,640,piscina,64,1,86,33
Madrid_norte_40.5556532_-3.6589652.jpg,640,640,piscina,351,17,367,46
Madrid_norte_40.5556532_-3.6589652.jpg,640,640,rotonda,146,432,240,530
Madrid_norte_40.5556532_-3.6589652.jpg,640,640,piscina,529,75,561,110
Madrid_norte_40.5556532_-3.6624752.jpg,640,640,piscina,499,264,548,291
Madrid_norte_40.5556532_-3.6624752.jpg,640,640,piscina,524,1,548,19
Madrid_norte_40.5556532_-3.6624752.jpg,640,640,rotonda,353,448,432,525
Madrid_norte_40.5583232_-3.6484352.jpg,640,640,rotonda,46,159,120,222
Madrid_norte_40.5583232_-3.6484352.jpg,640,640,rotonda,370,412,445,487
Madrid_norte_40.5583232_-3.6484352.jpg,640,640,rotonda,38,443,104,505
Madrid_norte_40.5583232_-3.6519452.jpg,640,640,rotonda,70,90,197,219
Madrid_norte_40.5583232_-3.6519452.jpg,640,640,piscina,24,230,42,268
Madrid_norte_40.5583232_-3.6519452.jpg,640,640,piscina,555,570,580,616
Madrid_norte_40.5583232_-3.6519452.jpg,640,640,piscina,546,593,553,609
Madrid_norte_40.5583232_-3.6554552.jpg,640,640,rotonda,147,93,218,158
Madrid_norte_40.5583232_-3.6554552.jpg,640,640,rotonda,128,490,204,568
Madrid_norte_40.5583232_-3.6554552.jpg,640,640,piscina,572,285,614,307
Madrid_norte_40.5583232_-3.6589652.jpg,640,640,rotonda,199,425,259,494
Madrid_norte_40.5583232_-3.6589652.jpg,640,640,parking,321,540,442,570
Madrid_norte_40.5583232_-3.6589652.jpg,640,640,parking,509,537,612,575
Madrid_norte_40.5583232_-3.6624752.jpg,640,640,rotonda,384,488,466,562
Parking_Ikea_Madrid_Este_40.5301307_-3.6108865.jpg,640,640,piscina,339,500,359,538
Parking_Ikea_Madrid_Este_40.5301307_-3.6108865.jpg,640,640,piscina,273,548,313,571
Parking_Ikea_Madrid_Este_40.5301307_-3.6143965.jpg,640,640,piscina,41,314,61,344
Parking_Ikea_Madrid_Este_40.5301307_-3.6143965.jpg,640,640,piscina,369,492,403,521
Parking_Ikea_Madrid_Este_40.5301307_-3.6143965.jpg,640,640,piscina,221,437,247,455
Parking_Ikea_Madrid_Este_40.5301307_-3.6143965.jpg,640,640,piscina,277,427,303,458
Parking_Ikea_Madrid_Este_40.5301307_-3.6143965.jpg,640,640,piscina,132,456,171,473
Parking_Ikea_Madrid_Este_40.5301307_-3.6143965.jpg,640,640,piscina,335,626,355,640
Parking_Ikea_Madrid_Este_40.5301307_-3.6179065.jpg,640,640,piscina,238,210,274,244
Parking_Ikea_Madrid_Este_40.5301307_-3.6179065.jpg,640,640,piscina,66,225,94,249
Parking_Ikea_Madrid_Este_40.5301307_-3.6179065.jpg,640,640,piscina,311,269,332,297
Parking_Ikea_Madrid_Este_40.5301307_-3.6179065.jpg,640,640,piscina,449,278,474,301
Parking_Ikea_Madrid_Este_40.5301307_-3.6179065.jpg,640,640,piscina,296,100,324,124
Parking_Ikea_Madrid_Este_40.5301307_-3.6179065.jpg,640,640,piscina,521,302,546,344
Parking_Ikea_Madrid_Este_40.5301307_-3.6179065.jpg,640,640,piscina,404,408,436,436
Parking_Ikea_Madrid_Este_40.5301307_-3.6179065.jpg,640,640,piscina,411,569,459,610
Parking_Ikea_Madrid_Este_40.5301307_-3.6179065.jpg,640,640,piscina,260,418,286,463
Parking_Ikea_Madrid_Este_40.5301307_-3.6179065.jpg,640,640,piscina,246,554,280,581
Parking_Ikea_Madrid_Este_40.5301307_-3.6179065.jpg,640,640,piscina,469,595,503,623
Parking_Ikea_Madrid_Este_40.5301307_-3.6179065.jpg,640,640,piscina,17,527,59,561
Parking_Ikea_Madrid_Este_40.5301307_-3.6179065.jpg,640,640,piscina,25,456,63,478
Parking_Ikea_Madrid_Este_40.5301307_-3.6179065.jpg,640,640,piscina,1,271,30,296
Parking_Ikea_Madrid_Este_40.5301307_-3.6179065.jpg,640,640,rotonda,167,252,208,292
Parking_Ikea_Madrid_Este_40.5301307_-3.6179065.jpg,640,640,rotonda,590,179,626,218
Parking_Ikea_Madrid_Este_40.5301307_-3.6179065.jpg,640,640,rotonda,386,26,426,63
Parking_Ikea_Madrid_Este_40.5301307_-3.6179065.jpg,640,640,piscina,474,512,502,538
Parking_Ikea_Madrid_Este_40.5328007_-3.6179065.jpg,640,640,rotonda,126,95,512,472
Parking_Ikea_Madrid_Este_40.5354707_-3.6143965.jpg,640,640,rotonda,34,132,124,228
Parking_Ikea_Madrid_Este_40.5354707_-3.6179065.jpg,640,640,parking,307,91,560,289
Parking_Ikea_Madrid_Este_40.5354707_-3.6179065.jpg,640,640,parking,16,285,66,343
Parking_Ikea_Madrid_Este_40.5381407_-3.6143965.jpg,640,640,rotonda,485,313,571,412
Parking_Ikea_Madrid_Este_40.5381407_-3.6143965.jpg,640,640,parking,594,6,640,174
Parking_Ikea_Madrid_Este_40.5381407_-3.6179065.jpg,640,640,rotonda,148,80,228,156
Parking_Ikea_Madrid_Este_40.5408107_-3.6108865.jpg,640,640,parking,126,2,301,155
Parking_Ikea_Madrid_Este_40.5408107_-3.6108865.jpg,640,640,parking,1,1,90,150
Parking_Ikea_Madrid_Este_40.5408107_-3.6108865.jpg,640,640,parking,173,241,242,473
Parking_Ikea_Madrid_Este_40.5408107_-3.6108865.jpg,640,640,parking,4,161,34,200
Parking_Ikea_Madrid_Este_40.5408107_-3.6108865.jpg,640,640,parking,4,539,38,619
Parking_Ikea_Madrid_Este_40.5408107_-3.6108865.jpg,640,640,rotonda,271,463,372,565
Parking_Ikea_Madrid_Este_40.5408107_-3.6108865.jpg,640,640,parking,426,335,474,419
Parking_Ikea_Madrid_Este_40.5408107_-3.6108865.jpg,640,640,parking,416,402,451,471
Parking_Ikea_Madrid_Este_40.5408107_-3.6108865.jpg,640,640,parking,453,243,513,346
Parking_Ikea_Madrid_Este_40.5408107_-3.6108865.jpg,640,640,parking,488,145,542,238
Parking_Ikea_Madrid_Este_40.5408107_-3.6108865.jpg,640,640,parking,523,66,569,140
Parking_Ikea_Madrid_Este_40.5408107_-3.6108865.jpg,640,640,parking,529,17,582,72
Parking_Ikea_Madrid_Este_40.5408107_-3.6143965.jpg,640,640,parking,304,2,638,148
Parking_Ikea_Madrid_Este_40.5408107_-3.6143965.jpg,640,640,parking,410,147,636,190
Parking_Ikea_Madrid_Este_40.5408107_-3.6179065.jpg,640,640,rotonda,146,401,247,500
Parking_Ikea_Madrid_Este_40.5408107_-3.6179065.jpg,640,640,piscina,80,65,115,104
Parking_Ikea_Madrid_Este_40.5408107_-3.6179065.jpg,640,640,parking,423,365,456,413
Parking_Ikea_Madrid_Este_40.5408107_-3.6179065.jpg,640,640,parking,453,298,494,350
Parking_Ikea_Madrid_Este_40.5434807_-3.6108865.jpg,640,640,parking,7,2,326,105
Parking_Ikea_Madrid_Este_40.5434807_-3.6108865.jpg,640,640,rotonda,103,133,160,190
Parking_Ikea_Madrid_Este_40.5434807_-3.6108865.jpg,640,640,parking,3,213,380,331
Parking_Ikea_Madrid_Este_40.5434807_-3.6108865.jpg,640,640,parking,5,410,361,538
Parking_Ikea_Madrid_Este_40.5434807_-3.6108865.jpg,640,640,rotonda,84,542,149,605
Parking_Ikea_Madrid_Este_40.5434807_-3.6108865.jpg,640,640,parking,185,606,295,638
Parking_Ikea_Madrid_Este_40.5434807_-3.6108865.jpg,640,640,parking,344,15,383,138
Parking_Ikea_Madrid_Este_40.5434807_-3.6143965.jpg,640,640,parking,417,8,638,132
Parking_Ikea_Madrid_Este_40.5434807_-3.6143965.jpg,640,640,parking,325,164,640,314
Parking_Ikea_Madrid_Este_40.5434807_-3.6143965.jpg,640,640,parking,317,394,640,531
Parking_Ikea_Madrid_Este_40.5434807_-3.6143965.jpg,640,640,parking,374,578,640,620
Parking_Ikea_Madrid_Este_40.5434807_-3.6179065.jpg,640,640,rotonda,546,188,611,263
Parking_Ikea_Madrid_Este_40.5434807_-3.6179065.jpg,640,640,parking,551,100,603,162
Parking_Ikea_Madrid_Este_40.5461507_-3.6108865.jpg,640,640,rotonda,363,31,487,143
Parking_Ikea_Madrid_Este_40.5461507_-3.6108865.jpg,640,640,parking,7,514,330,618
Parking_Ikea_Madrid_Este_40.5461507_-3.6108865.jpg,640,640,parking,355,590,391,635
Parking_Ikea_Madrid_Este_40.5461507_-3.6143965.jpg,640,640,parking,402,513,636,623
Parking_Ikea_Madrid_Este_40.5461507_-3.6179065.jpg,640,640,parking,144,50,214,119
Parking_Ikea_Madrid_Este_40.5461507_-3.6179065.jpg,640,640,rotonda,321,202,410,285
Parking_Ikea_Madrid_Este_40.5461507_-3.6179065.jpg,640,640,parking,441,467,518,540
parking_Madrid_40.4593743_-3.7950603.jpg,640,640,piscina,219,456,286,500
parking_Madrid_40.4593743_-3.7950603.jpg,640,640,piscina,125,518,153,544
parking_Madrid_40.4593743_-3.7950603.jpg,640,640,piscina,594,429,640,467
parking_Madrid_40.4593743_-3.7950603.jpg,640,640,piscina,557,460,586,491
parking_Madrid_40.4593743_-3.7950603.jpg,640,640,piscina,467,42,536,103
parking_Madrid_40.4593743_-3.7950603.jpg,640,640,piscina,26,12,72,49
parking_Madrid_40.4593743_-3.7950603.jpg,640,640,piscina,105,1,134,20
parking_Madrid_40.4593743_-3.7985703.jpg,640,640,piscina,280,155,326,189
parking_Madrid_40.4593743_-3.7985703.jpg,640,640,piscina,428,8,470,25
parking_Madrid_40.4593743_-3.7985703.jpg,640,640,piscina,132,110,188,146
parking_Madrid_40.4593743_-3.7985703.jpg,640,640,rotonda,53,235,97,270
parking_Madrid_40.4593743_-3.7985703.jpg,640,640,rotonda,360,599,401,639
parking_Madrid_40.4593743_-3.7985703.jpg,640,640,piscina,1,448,28,485
parking_Madrid_40.4593743_-3.8020803.jpg,640,640,piscina,323,394,369,456
parking_Madrid_40.4593743_-3.8020803.jpg,640,640,piscina,221,271,251,302
parking_Madrid_40.4593743_-3.8020803.jpg,640,640,piscina,526,198,584,254
parking_Madrid_40.4593743_-3.8020803.jpg,640,640,rotonda,473,380,561,462
parking_Madrid_40.4593743_-3.8020803.jpg,640,640,piscina,53,472,84,490
parking_Madrid_40.4593743_-3.8020803.jpg,640,640,piscina,16,482,42,508
parking_Madrid_40.4593743_-3.8020803.jpg,640,640,piscina,132,581,160,601
parking_Madrid_40.4593743_-3.8020803.jpg,640,640,piscina,71,210,90,228
parking_Madrid_40.4593743_-3.8020803.jpg,640,640,parking,592,319,640,382
parking_Madrid_40.4593743_-3.8020803.jpg,640,640,parking,115,211,144,270
parking_Madrid_40.4593743_-3.8020803.jpg,640,640,parking,146,294,186,366
parking_Madrid_40.4593743_-3.8020803.jpg,640,640,parking,216,463,269,530
parking_Madrid_40.4593743_-3.8055903.jpg,640,640,piscina,378,71,461,129
parking_Madrid_40.4593743_-3.8055903.jpg,640,640,piscina,270,247,319,293
parking_Madrid_40.4593743_-3.8055903.jpg,640,640,piscina,442,434,475,463
parking_Madrid_40.4593743_-3.8055903.jpg,640,640,piscina,464,321,483,343
parking_Madrid_40.4593743_-3.8055903.jpg,640,640,piscina,609,383,625,403
parking_Madrid_40.4593743_-3.8055903.jpg,640,640,piscina,594,349,607,369
parking_Madrid_40.4593743_-3.8055903.jpg,640,640,piscina,627,331,640,352
parking_Madrid_40.4593743_-3.8055903.jpg,640,640,piscina,373,536,398,559
parking_Madrid_40.4593743_-3.8055903.jpg,640,640,piscina,415,579,442,603
parking_Madrid_40.4593743_-3.8055903.jpg,640,640,piscina,411,492,434,519
parking_Madrid_40.4593743_-3.8055903.jpg,640,640,piscina,105,463,141,496
parking_Madrid_40.4593743_-3.8055903.jpg,640,640,piscina,260,602,283,627
parking_Madrid_40.4593743_-3.8055903.jpg,640,640,piscina,620,13,640,31
parking_Madrid_40.4593743_-3.8091003.jpg,640,640,piscina,353,382,430,427
parking_Madrid_40.4593743_-3.8091003.jpg,640,640,rotonda,570,346,638,440
parking_Madrid_40.4593743_-3.8091003.jpg,640,640,piscina,546,594,593,625
parking_Madrid_40.4593743_-3.8091003.jpg,640,640,piscina,197,591,253,637
parking_Madrid_40.4620443_-3.7950603.jpg,640,640,piscina,163,319,215,371
parking_Madrid_40.4620443_-3.7950603.jpg,640,640,piscina,344,396,391,434
parking_Madrid_40.4620443_-3.7950603.jpg,640,640,piscina,565,160,599,186
parking_Madrid_40.4620443_-3.7950603.jpg,640,640,piscina,628,181,640,211
parking_Madrid_40.4620443_-3.7950603.jpg,640,640,piscina,516,6,551,23
parking_Madrid_40.4620443_-3.7950603.jpg,640,640,piscina,609,1,631,19
parking_Madrid_40.4620443_-3.7950603.jpg,640,640,piscina,394,2,417,15
parking_Madrid_40.4620443_-3.8020803.jpg,640,640,piscina,187,217,221,267
parking_Madrid_40.4620443_-3.8020803.jpg,640,640,piscina,226,246,275,277
parking_Madrid_40.4620443_-3.8020803.jpg,640,640,piscina,267,545,338,594
parking_Madrid_40.4620443_-3.8020803.jpg,640,640,parking,155,52,199,106
parking_Madrid_40.4620443_-3.8055903.jpg,640,640,rotonda,239,201,287,251
parking_Madrid_40.4620443_-3.8055903.jpg,640,640,rotonda,502,77,557,133
parking_Madrid_40.4620443_-3.8055903.jpg,640,640,parking,349,208,637,344
parking_Madrid_40.4620443_-3.8055903.jpg,640,640,parking,297,244,374,379
parking_Madrid_40.4620443_-3.8055903.jpg,640,640,parking,176,272,258,369
parking_Madrid_40.4620443_-3.8055903.jpg,640,640,parking,68,355,239,439
parking_Madrid_40.4620443_-3.8055903.jpg,640,640,parking,12,392,100,465
parking_Madrid_40.4620443_-3.8091003.jpg,640,640,rotonda,192,79,245,136
parking_Madrid_40.4620443_-3.8091003.jpg,640,640,parking,357,6,399,58
parking_Madrid_40.4620443_-3.8091003.jpg,640,640,parking,84,277,138,374
parking_Madrid_40.4620443_-3.8091003.jpg,640,640,parking,549,455,640,504
parking_Madrid_40.4620443_-3.8091003.jpg,640,640,parking,444,479,544,515
pozuelo_sureste_40.4425237_-3.7840413.jpg,640,640,rotonda,142,392,253,495
pozuelo_sureste_40.4425237_-3.7840413.jpg,640,640,piscina,6,198,65,234
pozuelo_sureste_40.4425237_-3.7840413.jpg,640,640,piscina,15,26,59,59
pozuelo_sureste_40.4425237_-3.7840413.jpg,640,640,parking,286,135,428,165
pozuelo_sureste_40.4425237_-3.7840413.jpg,640,640,parking,474,142,542,185
pozuelo_sureste_40.4425237_-3.7840413.jpg,640,640,parking,547,177,588,222
pozuelo_sureste_40.4425237_-3.7840413.jpg,640,640,parking,449,8,480,130
pozuelo_sureste_40.4425237_-3.7875513.jpg,640,640,parking,34,249,153,390
pozuelo_sureste_40.4425237_-3.7875513.jpg,640,640,parking,49,493,88,538
pozuelo_sureste_40.4425237_-3.7875513.jpg,640,640,parking,294,366,344,421
pozuelo_sureste_40.4425237_-3.7875513.jpg,640,640,piscina,454,373,505,419
pozuelo_sureste_40.4425237_-3.7875513.jpg,640,640,parking,364,486,406,540
pozuelo_sureste_40.4425237_-3.7875513.jpg,640,640,rotonda,514,179,557,227
pozuelo_sureste_40.4425237_-3.7875513.jpg,640,640,parking,290,198,361,268
pozuelo_sureste_40.4425237_-3.7875513.jpg,640,640,parking,406,553,438,600
pozuelo_sureste_40.4425237_-3.7875513.jpg,640,640,parking,334,427,369,480
pozuelo_sureste_40.4425237_-3.7910613.jpg,640,640,piscina,480,215,526,278
pozuelo_sureste_40.4425237_-3.7910613.jpg,640,640,piscina,392,514,441,590
pozuelo_sureste_40.4425237_-3.7910613.jpg,640,640,piscina,203,406,229,431
pozuelo_sureste_40.4425237_-3.7910613.jpg,640,640,piscina,132,502,151,529
pozuelo_sureste_40.4425237_-3.7910613.jpg,640,640,piscina,154,527,179,543
pozuelo_sureste_40.4425237_-3.7910613.jpg,640,640,rotonda,157,583,186,617
pozuelo_sureste_40.4425237_-3.7910613.jpg,640,640,piscina,41,494,65,510
pozuelo_sureste_40.4425237_-3.7910613.jpg,640,640,piscina,225,277,260,300
pozuelo_sureste_40.4425237_-3.7910613.jpg,640,640,rotonda,303,179,330,215
pozuelo_sureste_40.4425237_-3.7910613.jpg,640,640,piscina,55,240,73,252
pozuelo_sureste_40.4425237_-3.7910613.jpg,640,640,piscina,99,242,115,254
pozuelo_sureste_40.4425237_-3.7910613.jpg,640,640,piscina,155,242,167,258
pozuelo_sureste_40.4425237_-3.7910613.jpg,640,640,piscina,100,156,129,171
pozuelo_sureste_40.4425237_-3.7910613.jpg,640,640,piscina,11,63,31,110
pozuelo_sureste_40.4425237_-3.7910613.jpg,640,640,piscina,152,103,167,120
pozuelo_sureste_40.4425237_-3.7910613.jpg,640,640,piscina,282,106,296,127
pozuelo_sureste_40.4425237_-3.7910613.jpg,640,640,piscina,265,15,280,38
pozuelo_sureste_40.4451937_-3.7840413.jpg,640,640,piscina,469,174,524,217
pozuelo_sureste_40.4451937_-3.7840413.jpg,640,640,piscina,232,1,282,46
pozuelo_sureste_40.4451937_-3.7840413.jpg,640,640,piscina,7,416,61,443
pozuelo_sureste_40.4451937_-3.7840413.jpg,640,640,piscina,285,250,334,304
pozuelo_sureste_40.4451937_-3.7840413.jpg,640,640,piscina,386,619,418,640
pozuelo_sureste_40.4451937_-3.7840413.jpg,640,640,piscina,92,2,128,27
pozuelo_sureste_40.4451937_-3.7875513.jpg,640,640,piscina,319,377,353,431
pozuelo_sureste_40.4451937_-3.7875513.jpg,640,640,piscina,53,186,101,231
pozuelo_sureste_40.4451937_-3.7875513.jpg,640,640,piscina,483,1,522,67
pozuelo_sureste_40.4451937_-3.7910613.jpg,640,640,piscina,79,180,116,202
pozuelo_sureste_40.4451937_-3.7910613.jpg,640,640,piscina,19,115,37,128
pozuelo_sureste_40.4451937_-3.7910613.jpg,640,640,piscina,465,157,515,194
pozuelo_sureste_40.4451937_-3.7910613.jpg,640,640,piscina,443,292,484,345
pozuelo_sureste_40.4451937_-3.7910613.jpg,640,640,rotonda,287,552,355,640
pozuelo_sureste_40.4451937_-3.7910613.jpg,640,640,piscina,110,398,133,412
pozuelo_sureste_40.4451937_-3.7910613.jpg,640,640,piscina,155,394,167,413
pozuelo_sureste_40.4451937_-3.7910613.jpg,640,640,piscina,110,527,121,549
pozuelo_sureste_40.4451937_-3.7910613.jpg,640,640,piscina,152,321,172,341
pozuelo_sureste_40.4451937_-3.7910613.jpg,640,640,piscina,560,584,611,624
pozuelo_sureste_40.4478637_-3.7840413.jpg,640,640,piscina,252,255,294,290
pozuelo_sureste_40.4478637_-3.7840413.jpg,640,640,piscina,513,214,543,262
pozuelo_sureste_40.4478637_-3.7840413.jpg,640,640,piscina,507,375,550,403
pozuelo_sureste_40.4478637_-3.7840413.jpg,640,640,piscina,277,381,328,408
pozuelo_sureste_40.4478637_-3.7840413.jpg,640,640,rotonda,594,513,640,572
pozuelo_sureste_40.4478637_-3.7840413.jpg,640,640,rotonda,112,457,161,513
pozuelo_sureste_40.4478637_-3.7840413.jpg,640,640,piscina,236,625,271,640
pozuelo_sureste_40.4478637_-3.7840413.jpg,640,640,parking,1,237,81,413
pozuelo_sureste_40.4478637_-3.7840413.jpg,640,640,parking,174,35,318,60
pozuelo_sureste_40.4478637_-3.7840413.jpg,640,640,parking,1,44,88,68
pozuelo_sureste_40.4478637_-3.7875513.jpg,640,640,rotonda,226,404,280,455
pozuelo_sureste_40.4478637_-3.7875513.jpg,640,640,parking,529,231,640,421
pozuelo_sureste_40.4478637_-3.7910613.jpg,640,640,piscina,157,104,189,132
pozuelo_sureste_40.4478637_-3.7910613.jpg,640,640,piscina,48,138,73,155
pozuelo_sureste_40.4478637_-3.7910613.jpg,640,640,piscina,99,229,119,248
pozuelo_sureste_40.4478637_-3.7910613.jpg,640,640,piscina,71,261,101,282
pozuelo_sureste_40.4478637_-3.7910613.jpg,640,640,piscina,245,345,254,370
pozuelo_sureste_40.4478637_-3.7910613.jpg,640,640,piscina,278,333,293,358
pozuelo_sureste_40.4478637_-3.7910613.jpg,640,640,piscina,216,360,234,379
pozuelo_sureste_40.4478637_-3.7910613.jpg,640,640,rotonda,186,126,236,176
Santander _43.4527209_-3.8555427.jpg,640,640,piscina,15,148,48,196
Santander _43.4553909_-3.8485227.jpg,640,640,rotonda,318,317,394,398
Santander _43.4553909_-3.8485227.jpg,640,640,piscina,140,171,202,210
Santander _43.4553909_-3.8520327.jpg,640,640,rotonda,275,167,314,200
Santander _43.4553909_-3.8555427.jpg,640,640,rotonda,212,463,269,530
Santander _43.4553909_-3.8555427.jpg,640,640,piscina,17,63,78,102
Santander _43.4553909_-3.8555427.jpg,640,640,rotonda,492,1,615,58
Santander _43.4580609_-3.8485227.jpg,640,640,rotonda,165,45,242,131
Santander _43.4580609_-3.8485227.jpg,640,640,rotonda,223,579,278,635
Santander _43.4580609_-3.8485227.jpg,640,640,parking,354,230,422,482
Santander _43.4580609_-3.8485227.jpg,640,640,parking,591,556,640,608
Santander _43.4580609_-3.8520327.jpg,640,640,rotonda,39,39,136,128
Santander _43.4580609_-3.8520327.jpg,640,640,rotonda,115,259,166,303
Santander _43.4580609_-3.8555427.jpg,640,640,rotonda,75,415,194,529
Santander _43.4580609_-3.8555427.jpg,640,640,parking,3,313,110,423
Santander _43.4580609_-3.8590527.jpg,640,640,rotonda,300,446,415,558
Santander _43.4580609_-3.8590527.jpg,640,640,parking,3,428,56,605
Santander _43.4580609_-3.8590527.jpg,640,640,piscina,17,92,37,121
Santander _43.4580609_-3.8590527.jpg,640,640,parking,345,356,422,429
Santander _43.4580609_-3.8590527.jpg,640,640,parking,71,485,126,624
Santander _43.4580609_-3.8590527.jpg,640,640,parking,140,516,217,587
villaviciosa_noreste_40.3607854_-3.8768907.jpg,640,640,piscina,201,173,222,212
villaviciosa_noreste_40.3607854_-3.8768907.jpg,640,640,piscina,205,77,240,96
villaviciosa_noreste_40.3607854_-3.8768907.jpg,640,640,piscina,492,91,516,117
villaviciosa_noreste_40.3607854_-3.8768907.jpg,640,640,piscina,436,157,457,177
villaviciosa_noreste_40.3607854_-3.8768907.jpg,640,640,piscina,399,248,428,269
villaviciosa_noreste_40.3607854_-3.8768907.jpg,640,640,piscina,533,208,553,231
villaviciosa_noreste_40.3607854_-3.8768907.jpg,640,640,piscina,554,272,580,298
villaviciosa_noreste_40.3607854_-3.8768907.jpg,640,640,piscina,611,346,630,386
villaviciosa_noreste_40.3607854_-3.8768907.jpg,640,640,piscina,476,354,493,396
villaviciosa_noreste_40.3607854_-3.8768907.jpg,640,640,piscina,509,521,530,558
villaviciosa_noreste_40.3607854_-3.8768907.jpg,640,640,piscina,597,538,624,556
villaviciosa_noreste_40.3607854_-3.8768907.jpg,640,640,piscina,227,541,264,565
villaviciosa_noreste_40.3607854_-3.8768907.jpg,640,640,piscina,330,565,370,583
villaviciosa_noreste_40.3607854_-3.8768907.jpg,640,640,piscina,200,590,224,614
villaviciosa_noreste_40.3607854_-3.8768907.jpg,640,640,piscina,257,602,287,630
villaviciosa_noreste_40.3607854_-3.8768907.jpg,640,640,piscina,26,535,46,560
villaviciosa_noreste_40.3607854_-3.8768907.jpg,640,640,piscina,242,268,266,302
villaviciosa_noreste_40.3607854_-3.8768907.jpg,640,640,piscina,214,394,247,415
villaviciosa_noreste_40.3607854_-3.8768907.jpg,640,640,piscina,320,385,349,416
villaviciosa_noreste_40.3607854_-3.8768907.jpg,640,640,piscina,21,102,58,124
villaviciosa_noreste_40.3607854_-3.8768907.jpg,640,640,piscina,99,56,126,87
villaviciosa_noreste_40.3607854_-3.8768907.jpg,640,640,piscina,1,152,18,180
villaviciosa_noreste_40.3607854_-3.8804007.jpg,640,640,piscina,218,133,251,165
villaviciosa_noreste_40.3607854_-3.8804007.jpg,640,640,piscina,280,109,297,145
villaviciosa_noreste_40.3607854_-3.8804007.jpg,640,640,piscina,585,278,614,304
villaviciosa_noreste_40.3607854_-3.8804007.jpg,640,640,piscina,526,333,544,361
villaviciosa_noreste_40.3607854_-3.8804007.jpg,640,640,piscina,618,431,638,463
villaviciosa_noreste_40.3607854_-3.8804007.jpg,640,640,piscina,444,465,482,489
villaviciosa_noreste_40.3607854_-3.8804007.jpg,640,640,piscina,539,432,553,458
villaviciosa_noreste_40.3607854_-3.8804007.jpg,640,640,piscina,361,495,381,526
villaviciosa_noreste_40.3607854_-3.8804007.jpg,640,640,piscina,221,381,249,408
villaviciosa_noreste_40.3607854_-3.8804007.jpg,640,640,piscina,278,379,299,414
villaviciosa_noreste_40.3607854_-3.8804007.jpg,640,640,piscina,48,333,66,369
villaviciosa_noreste_40.3607854_-3.8804007.jpg,640,640,piscina,16,396,44,424
villaviciosa_noreste_40.3607854_-3.8804007.jpg,640,640,piscina,15,133,48,155
villaviciosa_noreste_40.3607854_-3.8804007.jpg,640,640,piscina,84,77,136,110
villaviciosa_noreste_40.3607854_-3.8804007.jpg,640,640,piscina,147,224,181,256
villaviciosa_noreste_40.3607854_-3.8804007.jpg,640,640,piscina,47,560,63,575
villaviciosa_noreste_40.3607854_-3.8839107.jpg,640,640,piscina,269,315,287,342
villaviciosa_noreste_40.3607854_-3.8839107.jpg,640,640,piscina,511,198,545,242
villaviciosa_noreste_40.3607854_-3.8839107.jpg,640,640,piscina,543,108,565,144
villaviciosa_noreste_40.3607854_-3.8839107.jpg,640,640,piscina,616,376,640,404
villaviciosa_noreste_40.3607854_-3.8839107.jpg,640,640,piscina,559,308,579,355
villaviciosa_noreste_40.3607854_-3.8839107.jpg,640,640,piscina,481,587,513,613
villaviciosa_noreste_40.3607854_-3.8839107.jpg,640,640,piscina,355,552,390,573
villaviciosa_noreste_40.3607854_-3.8839107.jpg,640,640,piscina,348,587,374,605
villaviciosa_noreste_40.3607854_-3.8839107.jpg,640,640,piscina,299,572,336,598
villaviciosa_noreste_40.3607854_-3.8839107.jpg,640,640,piscina,210,578,232,603
villaviciosa_noreste_40.3607854_-3.8839107.jpg,640,640,piscina,140,447,159,465
villaviciosa_noreste_40.3607854_-3.8839107.jpg,640,640,piscina,13,604,44,617
villaviciosa_noreste_40.3607854_-3.8839107.jpg,640,640,rotonda,276,225,320,275
villaviciosa_noreste_40.3607854_-3.8839107.jpg,640,640,piscina,359,126,383,156
villaviciosa_noreste_40.3607854_-3.8839107.jpg,640,640,piscina,505,131,533,154
villaviciosa_noreste_40.3607854_-3.8839107.jpg,640,640,piscina,322,163,344,195
villaviciosa_noreste_40.3607854_-3.8874207.jpg,640,640,piscina,548,297,586,337
villaviciosa_noreste_40.3607854_-3.8874207.jpg,640,640,piscina,438,393,459,417
villaviciosa_noreste_40.3607854_-3.8874207.jpg,640,640,piscina,326,410,347,436
villaviciosa_noreste_40.3607854_-3.8874207.jpg,640,640,piscina,496,348,534,375
villaviciosa_noreste_40.3607854_-3.8874207.jpg,640,640,piscina,506,503,526,527
villaviciosa_noreste_40.3607854_-3.8874207.jpg,640,640,piscina,456,579,479,614
villaviciosa_noreste_40.3607854_-3.8874207.jpg,640,640,piscina,418,603,446,627
villaviciosa_noreste_40.3607854_-3.8874207.jpg,640,640,piscina,342,607,374,638
villaviciosa_noreste_40.3607854_-3.8874207.jpg,640,640,piscina,234,542,264,576
villaviciosa_noreste_40.3607854_-3.8874207.jpg,640,640,piscina,244,502,264,533
villaviciosa_noreste_40.3607854_-3.8874207.jpg,640,640,piscina,316,450,350,476
villaviciosa_noreste_40.3607854_-3.8874207.jpg,640,640,piscina,86,535,121,549
villaviciosa_noreste_40.3607854_-3.8874207.jpg,640,640,piscina,86,602,103,633
villaviciosa_noreste_40.3607854_-3.8874207.jpg,640,640,piscina,171,477,194,510
villaviciosa_noreste_40.3607854_-3.8874207.jpg,640,640,piscina,494,379,519,399
villaviciosa_noreste_40.3634554_-3.8768907.jpg,640,640,piscina,163,53,211,88
villaviciosa_noreste_40.3634554_-3.8768907.jpg,640,640,piscina,403,150,433,183
villaviciosa_noreste_40.3634554_-3.8768907.jpg,640,640,piscina,456,278,488,302
villaviciosa_noreste_40.3634554_-3.8768907.jpg,640,640,piscina,513,305,541,331
villaviciosa_noreste_40.3634554_-3.8768907.jpg,640,640,piscina,235,318,260,343
villaviciosa_noreste_40.3634554_-3.8768907.jpg,640,640,piscina,150,239,190,263
villaviciosa_noreste_40.3634554_-3.8768907.jpg,640,640,piscina,106,240,136,265
villaviciosa_noreste_40.3634554_-3.8768907.jpg,640,640,piscina,94,175,111,214
villaviciosa_noreste_40.3634554_-3.8768907.jpg,640,640,piscina,200,175,228,208
villaviciosa_noreste_40.3634554_-3.8768907.jpg,640,640,piscina,38,152,89,183
villaviciosa_noreste_40.3634554_-3.8768907.jpg,640,640,piscina,307,23,329,48
villaviciosa_noreste_40.3634554_-3.8768907.jpg,640,640,piscina,299,579,326,609
villaviciosa_noreste_40.3634554_-3.8768907.jpg,640,640,piscina,358,602,384,623
villaviciosa_noreste_40.3634554_-3.8768907.jpg,640,640,piscina,88,571,120,595
villaviciosa_noreste_40.3634554_-3.8768907.jpg,640,640,piscina,380,217,392,237
villaviciosa_noreste_40.3634554_-3.8804007.jpg,640,640,piscina,92,132,116,151
villaviciosa_noreste_40.3634554_-3.8804007.jpg,640,640,piscina,69,16,103,50
villaviciosa_noreste_40.3634554_-3.8804007.jpg,640,640,piscina,230,10,246,42
villaviciosa_noreste_40.3634554_-3.8804007.jpg,640,640,piscina,492,103,527,130
villaviciosa_noreste_40.3634554_-3.8804007.jpg,640,640,piscina,556,123,584,150
villaviciosa_noreste_40.3634554_-3.8804007.jpg,640,640,piscina,608,155,640,182
villaviciosa_noreste_40.3634554_-3.8804007.jpg,640,640,piscina,590,2,608,29
villaviciosa_noreste_40.3634554_-3.8804007.jpg,640,640,piscina,625,21,640,40
villaviciosa_noreste_40.3634554_-3.8804007.jpg,640,640,piscina,399,71,425,93
villaviciosa_noreste_40.3634554_-3.8804007.jpg,640,640,piscina,293,37,315,69
villaviciosa_noreste_40.3634554_-3.8804007.jpg,640,640,piscina,273,131,288,160
villaviciosa_noreste_40.3634554_-3.8804007.jpg,640,640,piscina,319,134,334,161
villaviciosa_noreste_40.3634554_-3.8804007.jpg,640,640,piscina,392,158,421,190
villaviciosa_noreste_40.3634554_-3.8804007.jpg,640,640,piscina,438,209,469,231
villaviciosa_noreste_40.3634554_-3.8804007.jpg,640,640,piscina,173,106,209,121
villaviciosa_noreste_40.3634554_-3.8804007.jpg,640,640,piscina,558,590,594,615
villaviciosa_noreste_40.3634554_-3.8804007.jpg,640,640,piscina,7,134,38,155
villaviciosa_noreste_40.3634554_-3.8804007.jpg,640,640,piscina,13,42,40,65
villaviciosa_noreste_40.3634554_-3.8804007.jpg,640,640,piscina,329,37,359,63
villaviciosa_noreste_40.3634554_-3.8839107.jpg,640,640,piscina,278,81,307,108
villaviciosa_noreste_40.3634554_-3.8839107.jpg,640,640,piscina,470,90,503,123
villaviciosa_noreste_40.3634554_-3.8839107.jpg,640,640,piscina,540,47,567,76
villaviciosa_noreste_40.3634554_-3.8839107.jpg,640,640,piscina,577,160,613,192
villaviciosa_noreste_40.3634554_-3.8839107.jpg,640,640,piscina,291,202,317,221
villaviciosa_noreste_40.3634554_-3.8839107.jpg,640,640,piscina,399,132,425,159
villaviciosa_noreste_40.3634554_-3.8839107.jpg,640,640,piscina,345,256,374,293
villaviciosa_noreste_40.3634554_-3.8839107.jpg,640,640,piscina,370,248,389,275
villaviciosa_noreste_40.3634554_-3.8839107.jpg,640,640,piscina,428,221,451,251
villaviciosa_noreste_40.3634554_-3.8839107.jpg,640,640,piscina,113,231,136,257
villaviciosa_noreste_40.3634554_-3.8839107.jpg,640,640,piscina,1,291,21,321
villaviciosa_noreste_40.3634554_-3.8839107.jpg,640,640,piscina,160,536,181,554
villaviciosa_noreste_40.3634554_-3.8839107.jpg,640,640,piscina,52,371,70,389
villaviciosa_noreste_40.3634554_-3.8874207.jpg,640,640,piscina,436,327,459,350
villaviciosa_noreste_40.3661254_-3.8768907.jpg,640,640,piscina,248,200,268,245
villaviciosa_noreste_40.3661254_-3.8768907.jpg,640,640,piscina,105,250,138,271
villaviciosa_noreste_40.3661254_-3.8768907.jpg,640,640,piscina,86,149,109,177
villaviciosa_noreste_40.3661254_-3.8768907.jpg,640,640,piscina,157,84,173,109
villaviciosa_noreste_40.3661254_-3.8768907.jpg,640,640,piscina,1,142,40,173
villaviciosa_noreste_40.3661254_-3.8768907.jpg,640,640,piscina,169,440,199,461
villaviciosa_noreste_40.3661254_-3.8768907.jpg,640,640,piscina,278,433,304,452
villaviciosa_noreste_40.3661254_-3.8768907.jpg,640,640,piscina,322,473,345,505
villaviciosa_noreste_40.3661254_-3.8768907.jpg,640,640,piscina,105,433,141,458
villaviciosa_noreste_40.3661254_-3.8768907.jpg,640,640,piscina,36,312,61,342
villaviciosa_noreste_40.3661254_-3.8768907.jpg,640,640,rotonda,1,265,11,296
villaviciosa_noreste_40.3661254_-3.8768907.jpg,640,640,piscina,84,506,105,525
villaviciosa_noreste_40.3661254_-3.8768907.jpg,640,640,piscina,138,626,178,640
villaviciosa_noreste_40.3661254_-3.8804007.jpg,640,640,piscina,263,228,290,254
villaviciosa_noreste_40.3661254_-3.8804007.jpg,640,640,piscina,349,148,374,171
villaviciosa_noreste_40.3661254_-3.8804007.jpg,640,640,piscina,449,105,476,125
villaviciosa_noreste_40.3661254_-3.8804007.jpg,640,640,piscina,592,69,615,98
villaviciosa_noreste_40.3661254_-3.8804007.jpg,640,640,piscina,509,407,536,425
villaviciosa_noreste_40.3661254_-3.8804007.jpg,640,640,piscina,542,328,563,356
villaviciosa_noreste_40.3661254_-3.8804007.jpg,640,640,piscina,443,288,473,313
villaviciosa_noreste_40.3661254_-3.8804007.jpg,640,640,piscina,383,265,417,298
villaviciosa_noreste_40.3661254_-3.8804007.jpg,640,640,piscina,191,221,220,241
villaviciosa_noreste_40.3661254_-3.8804007.jpg,640,640,piscina,262,82,289,104
villaviciosa_noreste_40.3661254_-3.8804007.jpg,640,640,piscina,486,4,513,27
villaviciosa_noreste_40.3661254_-3.8804007.jpg,640,640,piscina,91,2,113,23
villaviciosa_noreste_40.3661254_-3.8804007.jpg,640,640,piscina,224,2,243,37
villaviciosa_noreste_40.3661254_-3.8804007.jpg,640,640,piscina,31,198,56,218
villaviciosa_noreste_40.3661254_-3.8804007.jpg,640,640,piscina,136,204,161,225
villaviciosa_noreste_40.3661254_-3.8804007.jpg,640,640,piscina,163,301,191,322
villaviciosa_noreste_40.3661254_-3.8804007.jpg,640,640,piscina,3,371,20,402
villaviciosa_noreste_40.3661254_-3.8804007.jpg,640,640,piscina,221,434,246,454
villaviciosa_noreste_40.3661254_-3.8804007.jpg,640,640,piscina,336,435,356,471
villaviciosa_noreste_40.3661254_-3.8804007.jpg,640,640,piscina,367,438,384,468
villaviciosa_noreste_40.3661254_-3.8804007.jpg,640,640,piscina,422,352,442,376
villaviciosa_noreste_40.3661254_-3.8804007.jpg,640,640,piscina,361,331,399,360
villaviciosa_noreste_40.3661254_-3.8804007.jpg,640,640,piscina,532,538,562,571
villaviciosa_noreste_40.3661254_-3.8804007.jpg,640,640,piscina,593,565,625,597
villaviciosa_noreste_40.3661254_-3.8804007.jpg,640,640,piscina,463,494,490,524
villaviciosa_noreste_40.3661254_-3.8804007.jpg,640,640,piscina,393,531,413,563
villaviciosa_noreste_40.3661254_-3.8804007.jpg,640,640,piscina,352,533,384,558
villaviciosa_noreste_40.3661254_-3.8804007.jpg,640,640,piscina,303,498,319,531
villaviciosa_noreste_40.3661254_-3.8804007.jpg,640,640,piscina,204,460,242,485
villaviciosa_noreste_40.3661254_-3.8804007.jpg,640,640,piscina,151,420,175,442
villaviciosa_noreste_40.3661254_-3.8804007.jpg,640,640,piscina,84,436,116,451
villaviciosa_noreste_40.3661254_-3.8804007.jpg,640,640,piscina,93,396,121,410
villaviciosa_noreste_40.3661254_-3.8804007.jpg,640,640,piscina,53,271,78,291
villaviciosa_noreste_40.3661254_-3.8804007.jpg,640,640,piscina,74,581,99,611
villaviciosa_noreste_40.3661254_-3.8804007.jpg,640,640,piscina,7,581,31,597
villaviciosa_noreste_40.3661254_-3.8804007.jpg,640,640,piscina,119,483,136,520
villaviciosa_noreste_40.3661254_-3.8839107.jpg,640,640,piscina,327,187,351,203
villaviciosa_noreste_40.3661254_-3.8839107.jpg,640,640,piscina,461,133,490,149
villaviciosa_noreste_40.3661254_-3.8839107.jpg,640,640,piscina,530,105,557,131
villaviciosa_noreste_40.3661254_-3.8839107.jpg,640,640,piscina,626,8,640,24
villaviciosa_noreste_40.3661254_-3.8839107.jpg,640,640,piscina,513,1,532,19
villaviciosa_noreste_40.3661254_-3.8839107.jpg,640,640,piscina,426,68,454,84
villaviciosa_noreste_40.3661254_-3.8839107.jpg,640,640,piscina,314,102,332,120
villaviciosa_noreste_40.3661254_-3.8839107.jpg,640,640,piscina,276,199,300,219
villaviciosa_noreste_40.3661254_-3.8839107.jpg,640,640,piscina,545,300,563,321
villaviciosa_noreste_40.3661254_-3.8839107.jpg,640,640,piscina,565,285,587,313
villaviciosa_noreste_40.3661254_-3.8839107.jpg,640,640,piscina,578,488,604,517
villaviciosa_noreste_40.3661254_-3.8839107.jpg,640,640,piscina,542,510,575,542
villaviciosa_noreste_40.3661254_-3.8839107.jpg,640,640,piscina,409,586,430,615
villaviciosa_noreste_40.3661254_-3.8839107.jpg,640,640,piscina,361,602,390,625
villaviciosa_noreste_40.3661254_-3.8839107.jpg,640,640,piscina,257,311,280,337
villaviciosa_noreste_40.3661254_-3.8839107.jpg,640,640,piscina,215,333,241,364
villaviciosa_noreste_40.3661254_-3.8839107.jpg,640,640,piscina,242,360,272,390
villaviciosa_noreste_40.3661254_-3.8839107.jpg,640,640,piscina,396,271,421,294
villaviciosa_noreste_40.3661254_-3.8839107.jpg,640,640,piscina,432,263,467,285
villaviciosa_noreste_40.3661254_-3.8839107.jpg,640,640,piscina,446,296,469,320
villaviciosa_noreste_40.3661254_-3.8839107.jpg,640,640,piscina,417,323,441,339
villaviciosa_noreste_40.3661254_-3.8839107.jpg,640,640,piscina,382,228,404,252
villaviciosa_noreste_40.3661254_-3.8839107.jpg,640,640,piscina,196,2,224,31
villaviciosa_noreste_40.3661254_-3.8839107.jpg,640,640,piscina,72,108,97,135
villaviciosa_noreste_40.3661254_-3.8839107.jpg,640,640,piscina,127,252,157,280
villaviciosa_noreste_40.3661254_-3.8839107.jpg,640,640,piscina,109,229,135,246
villaviciosa_noreste_40.3661254_-3.8839107.jpg,640,640,piscina,134,173,155,196
villaviciosa_noreste_40.3661254_-3.8839107.jpg,640,640,piscina,5,101,27,132
villaviciosa_noreste_40.3661254_-3.8839107.jpg,640,640,piscina,39,4,67,24
villaviciosa_noreste_40.3661254_-3.8839107.jpg,640,640,piscina,328,359,348,379
villaviciosa_noreste_40.3661254_-3.8839107.jpg,640,640,piscina,201,240,227,283
villaviciosa_noreste_40.3661254_-3.8874207.jpg,640,640,piscina,479,114,504,142
villaviciosa_noreste_40.3687954_-3.8768907.jpg,640,640,piscina,65,506,87,533
villaviciosa_noreste_40.3687954_-3.8768907.jpg,640,640,piscina,28,449,58,467
villaviciosa_noreste_40.3687954_-3.8804007.jpg,640,640,piscina,49,131,78,151
villaviciosa_noreste_40.3687954_-3.8804007.jpg,640,640,piscina,184,125,207,151
villaviciosa_noreste_40.3687954_-3.8804007.jpg,640,640,piscina,276,122,307,146
villaviciosa_noreste_40.3687954_-3.8804007.jpg,640,640,piscina,415,132,454,148
villaviciosa_noreste_40.3687954_-3.8804007.jpg,640,640,piscina,603,223,628,252
villaviciosa_noreste_40.3687954_-3.8804007.jpg,640,640,piscina,629,259,640,279
villaviciosa_noreste_40.3687954_-3.8804007.jpg,640,640,piscina,474,320,508,343
villaviciosa_noreste_40.3687954_-3.8804007.jpg,640,640,piscina,275,300,305,321
villaviciosa_noreste_40.3687954_-3.8804007.jpg,640,640,piscina,253,335,278,352
villaviciosa_noreste_40.3687954_-3.8804007.jpg,640,640,piscina,115,289,139,304
villaviciosa_noreste_40.3687954_-3.8804007.jpg,640,640,piscina,34,242,59,268
villaviciosa_noreste_40.3687954_-3.8804007.jpg,640,640,piscina,517,140,533,173
villaviciosa_noreste_40.3687954_-3.8804007.jpg,640,640,piscina,585,558,603,592
villaviciosa_noreste_40.3687954_-3.8804007.jpg,640,640,piscina,559,573,582,598
villaviciosa_noreste_40.3687954_-3.8804007.jpg,640,640,piscina,112,504,142,523
villaviciosa_noreste_40.3687954_-3.8804007.jpg,640,640,piscina,81,506,109,523
villaviciosa_noreste_40.3687954_-3.8804007.jpg,640,640,piscina,63,485,102,498
villaviciosa_noreste_40.3687954_-3.8804007.jpg,640,640,piscina,9,368,36,393
villaviciosa_noreste_40.3687954_-3.8804007.jpg,640,640,piscina,90,329,129,346
villaviciosa_noreste_40.3687954_-3.8804007.jpg,640,640,piscina,189,450,211,477
villaviciosa_noreste_40.3687954_-3.8804007.jpg,640,640,piscina,205,587,235,610
villaviciosa_noreste_40.3687954_-3.8804007.jpg,640,640,piscina,351,533,378,565
villaviciosa_noreste_40.3687954_-3.8804007.jpg,640,640,piscina,365,438,385,471
villaviciosa_noreste_40.3687954_-3.8804007.jpg,640,640,piscina,95,169,115,196
villaviciosa_noreste_40.3687954_-3.8839107.jpg,640,640,piscina,321,335,363,362
villaviciosa_noreste_40.3687954_-3.8839107.jpg,640,640,piscina,583,309,615,327
villaviciosa_noreste_40.3687954_-3.8839107.jpg,640,640,piscina,411,182,432,198
villaviciosa_noreste_40.3687954_-3.8839107.jpg,640,640,piscina,358,212,403,227
villaviciosa_noreste_40.3687954_-3.8839107.jpg,640,640,parking,473,6,552,77
villaviciosa_noreste_40.3687954_-3.8839107.jpg,640,640,piscina,261,524,292,543
villaviciosa_noreste_40.3687954_-3.8839107.jpg,640,640,piscina,269,581,287,605
villaviciosa_noreste_40.3687954_-3.8839107.jpg,640,640,piscina,115,602,157,620
villaviciosa_noreste_40.3687954_-3.8839107.jpg,640,640,piscina,593,552,616,581
zapateira_43.3165805_-8.4088471.jpg,640,640,piscina,371,127,385,153
zapateira_43.3165805_-8.4088471.jpg,640,640,piscina,378,170,393,192
zapateira_43.3165805_-8.4088471.jpg,640,640,piscina,496,213,507,236
zapateira_43.3165805_-8.4088471.jpg,640,640,piscina,505,181,521,207
zapateira_43.3165805_-8.4088471.jpg,640,640,piscina,249,123,266,148
zapateira_43.3165805_-8.4088471.jpg,640,640,piscina,200,280,233,300
zapateira_43.3165805_-8.4123571.jpg,640,640,piscina,308,389,333,421
